Site,Region,Age,Age_err,RSL,RSL_err,Longitude,Latitude,linear_rate,linear_rate_err
Belfast,N. Ireland,1925,0.002,0.056,0.02,-5.93,54.6,-0.07,3.00E-01
Belfast,N. Ireland,1926,0.002,0.051,0.02,-5.93,54.6,-0.07,3.00E-01
Belfast,N. Ireland,1927,0.002,0.05,0.02,-5.93,54.6,-0.07,3.00E-01
Belfast,N. Ireland,1931,0.002,0.021,0.02,-5.93,54.6,-0.07,3.00E-01
Belfast,N. Ireland,1932,0.002,0.046,0.02,-5.93,54.6,-0.07,3.00E-01
Belfast,N. Ireland,1936,0.002,0.022,0.02,-5.93,54.6,-0.07,3.00E-01
Belfast,N. Ireland,1937,0.002,0.008,0.02,-5.93,54.6,-0.07,3.00E-01
Belfast,N. Ireland,1938,0.002,-0.016,0.02,-5.93,54.6,-0.07,3.00E-01
Belfast,N. Ireland,1939,0.002,0.019,0.02,-5.93,54.6,-0.07,3.00E-01
Belfast,N. Ireland,1940,0.002,0.025,0.02,-5.93,54.6,-0.07,3.00E-01
Belfast,N. Ireland,1941,0.002,-0.004,0.02,-5.93,54.6,-0.07,3.00E-01
Belfast,N. Ireland,1942,0.002,0.006,0.02,-5.93,54.6,-0.07,3.00E-01
Belfast,N. Ireland,1943,0.002,0.046,0.02,-5.93,54.6,-0.07,3.00E-01
Belfast,N. Ireland,1944,0.002,0.029,0.02,-5.93,54.6,-0.07,3.00E-01
Belfast,N. Ireland,1945,0.002,0.063,0.02,-5.93,54.6,-0.07,3.00E-01
Belfast,N. Ireland,1946,0.002,0.04,0.02,-5.93,54.6,-0.07,3.00E-01
Belfast,N. Ireland,1947,0.002,0.033,0.02,-5.93,54.6,-0.07,3.00E-01
Belfast,N. Ireland,1948,0.002,0.033,0.02,-5.93,54.6,-0.07,3.00E-01
Belfast,N. Ireland,1949,0.002,0.009,0.02,-5.93,54.6,-0.07,3.00E-01
Belfast,N. Ireland,1950,0.002,0.081,0.02,-5.93,54.6,-0.07,3.00E-01
Belfast,N. Ireland,1951,0.002,0.036,0.02,-5.93,54.6,-0.07,3.00E-01
Belfast,N. Ireland,1952,0.002,0.038,0.02,-5.93,54.6,-0.07,3.00E-01
Belfast,N. Ireland,1953,0.002,0.06,0.02,-5.93,54.6,-0.07,3.00E-01
Belfast,N. Ireland,1954,0.002,0.067,0.02,-5.93,54.6,-0.07,3.00E-01
Belfast,N. Ireland,1955,0.002,0.068,0.02,-5.93,54.6,-0.07,3.00E-01
Belfast,N. Ireland,1956,0.002,0.028,0.02,-5.93,54.6,-0.07,3.00E-01
Belfast,N. Ireland,1957,0.002,0.047,0.02,-5.93,54.6,-0.07,3.00E-01
Belfast,N. Ireland,1958,0.002,0.043,0.02,-5.93,54.6,-0.07,3.00E-01
Belfast,N. Ireland,1959,0.002,0.021,0.02,-5.93,54.6,-0.07,3.00E-01
Belfast,N. Ireland,1960,0.002,0.049,0.02,-5.93,54.6,-0.07,3.00E-01
Belfast,N. Ireland,1961,0.002,0.034,0.02,-5.93,54.6,-0.07,3.00E-01
Belfast,N. Ireland,1962,0.002,-0.001,0.02,-5.93,54.6,-0.07,3.00E-01
Belfast,N. Ireland,1963,0.002,0.005,0.02,-5.93,54.6,-0.07,3.00E-01
Belfast,N. Ireland,1964,0.002,0.003,0.02,-5.93,54.6,-0.07,3.00E-01
Belfast,N. Ireland,1965,0.002,-0.018,0.02,-5.93,54.6,-0.07,3.00E-01
Belfast,N. Ireland,1966,0.002,0.007,0.02,-5.93,54.6,-0.07,3.00E-01
Belfast,N. Ireland,1967,0.002,0.037,0.02,-5.93,54.6,-0.07,3.00E-01
Belfast,N. Ireland,1968,0.002,0.052,0.02,-5.93,54.6,-0.07,3.00E-01
Belfast,N. Ireland,1969,0.002,0.055,0.02,-5.93,54.6,-0.07,3.00E-01
Belfast,N. Ireland,1970,0.002,0.038,0.02,-5.93,54.6,-0.07,3.00E-01
Belfast,N. Ireland,1971,0.002,0.054,0.02,-5.93,54.6,-0.07,3.00E-01
Belfast,N. Ireland,1972,0.002,0.024,0.02,-5.93,54.6,-0.07,3.00E-01
Belfast,N. Ireland,1973,0.002,-0.005,0.02,-5.93,54.6,-0.07,3.00E-01
Belfast,N. Ireland,1974,0.002,-0.039,0.02,-5.93,54.6,-0.07,3.00E-01
Belfast,N. Ireland,1975,0.002,-0.019,0.02,-5.93,54.6,-0.07,3.00E-01
Belfast,N. Ireland,1976,0.002,-0.04,0.02,-5.93,54.6,-0.07,3.00E-01
Belfast,N. Ireland,1977,0.002,0.007,0.02,-5.93,54.6,-0.07,3.00E-01
Belfast,N. Ireland,1978,0.002,0.027,0.02,-5.93,54.6,-0.07,3.00E-01
Belfast,N. Ireland,1979,0.002,0.061,0.02,-5.93,54.6,-0.07,3.00E-01
Belfast,N. Ireland,1980,0.002,0.078,0.02,-5.93,54.6,-0.07,3.00E-01
Belfast,N. Ireland,1981,0.002,-0.015,0.02,-5.93,54.6,-0.07,3.00E-01
Belfast,N. Ireland,1982,0.002,0.045,0.02,-5.93,54.6,-0.07,3.00E-01
Belfast,N. Ireland,1983,0.002,-0.011,0.02,-5.93,54.6,-0.07,3.00E-01
Belfast,N. Ireland,1984,0.002,0.041,0.02,-5.93,54.6,-0.07,3.00E-01
Belfast,N. Ireland,1986,0.002,-0.023,0.02,-5.93,54.6,-0.07,3.00E-01
Belfast,N. Ireland,1987,0.002,0.089,0.02,-5.93,54.6,-0.07,3.00E-01
Belfast,N. Ireland,1988,0.002,0.052,0.02,-5.93,54.6,-0.07,3.00E-01
Belfast,N. Ireland,1989,0.002,0.048,0.02,-5.93,54.6,-0.07,3.00E-01
Belfast,N. Ireland,1990,0.002,0.055,0.02,-5.93,54.6,-0.07,3.00E-01
Belfast,N. Ireland,1991,0.002,0.035,0.02,-5.93,54.6,-0.07,3.00E-01
Belfast,N. Ireland,1992,0.002,0.037,0.02,-5.93,54.6,-0.07,3.00E-01
Belfast,N. Ireland,1993,0.002,0.05,0.02,-5.93,54.6,-0.07,3.00E-01
Belfast,N. Ireland,1994,0.002,0.074,0.02,-5.93,54.6,-0.07,3.00E-01
Belfast,N. Ireland,1995,0.002,0.003,0.02,-5.93,54.6,-0.07,3.00E-01
Belfast,N. Ireland,1996,0.002,-0.032,0.02,-5.93,54.6,-0.07,3.00E-01
Belfast,N. Ireland,1997,0.002,-0.008,0.02,-5.93,54.6,-0.07,3.00E-01
Belfast,N. Ireland,1998,0.002,-0.053,0.02,-5.93,54.6,-0.07,3.00E-01
Belfast,N. Ireland,1999,0.002,-0.06,0.02,-5.93,54.6,-0.07,3.00E-01
Belfast,N. Ireland,2000,0.002,-0.048,0.02,-5.93,54.6,-0.07,3.00E-01
Belfast,N. Ireland,2001,0.002,0.029,0.02,-5.93,54.6,-0.07,3.00E-01
Belfast,N. Ireland,2002,0.002,0.039,0.02,-5.93,54.6,-0.07,3.00E-01
Belfast,N. Ireland,2003,0.002,0.044,0.02,-5.93,54.6,-0.07,3.00E-01
Belfast,N. Ireland,2004,0.002,0.043,0.02,-5.93,54.6,-0.07,3.00E-01
Belfast,N. Ireland,2005,0.002,0.046,0.02,-5.93,54.6,-0.07,3.00E-01
Belfast,N. Ireland,2006,0.002,0.071,0.02,-5.93,54.6,-0.07,3.00E-01
Belfast,N. Ireland,2007,0.002,0.084,0.02,-5.93,54.6,-0.07,3.00E-01
Belfast,N. Ireland,2008,0.002,0.078,0.02,-5.93,54.6,-0.07,3.00E-01
Belfast,N. Ireland,2009,0.002,0.07,0.02,-5.93,54.6,-0.07,3.00E-01
Belfast,N. Ireland,2010,0.002,-0.016,0.02,-5.93,54.6,-0.07,3.00E-01
Belfast,N. Ireland,2011,0.00023,0.033,0.02,-5.93,54.6,-0.07,3.00E-01
Belfast,N. Ireland,2012,0.00023,0.062,0.02,-5.93,54.6,-0.07,3.00E-01
Belfast,N. Ireland,2013,0.00023,0.027,0.02,-5.93,54.6,-0.07,3.00E-01
Belfast,N. Ireland,2014,0.00023,0.045,0.02,-5.93,54.6,-0.07,3.00E-01
Belfast,N. Ireland,2015,0.00023,0.053,0.02,-5.93,54.6,-0.07,3.00E-01
Belfast,N. Ireland,2016,0.00023,-0.002,0.02,-5.93,54.6,-0.07,3.00E-01
Belfast,N. Ireland,2017,0.00023,0.082,0.02,-5.93,54.6,-0.07,3.00E-01
Belfast,N. Ireland,2018,0.00023,0.115,0.02,-5.93,54.6,-0.07,3.00E-01
Belfast,N. Ireland,2019,0.00023,0.14,0.02,-5.93,54.6,-0.07,3.00E-01
Belfast,N. Ireland,2020,0.00023,0.13,0.02,-5.93,54.6,-0.07,3.00E-01
Belfast,N. Ireland,2021,0.00023,0.093,0.02,-5.93,54.6,-0.07,3.00E-01
Belfast,N. Ireland,2022,0.00023,0.113,0.02,-5.93,54.6,-0.07,3.00E-01
