Site,Region,Age,Age_err,RSL,RSL_err,Longitude,Latitude,linear_rate,linear_rate_err
Malin Head,N. Ireland,1958,0.004,-0.055,0.02,-7.35,55.37,0.03,3.00E-01
Malin Head,N. Ireland,1959,0.004,-0.037,0.02,-7.35,55.37,0.03,3.00E-01
Malin Head,N. Ireland,1960,0.004,-0.023,0.02,-7.35,55.37,0.03,3.00E-01
Malin Head,N. Ireland,1961,0.004,0.004,0.02,-7.35,55.37,0.03,3.00E-01
Malin Head,N. Ireland,1962,0.004,-0.036,0.02,-7.35,55.37,0.03,3.00E-01
Malin Head,N. Ireland,1963,0.004,-0.029,0.02,-7.35,55.37,0.03,3.00E-01
Malin Head,N. Ireland,1964,0.004,-0.034,0.02,-7.35,55.37,0.03,3.00E-01
Malin Head,N. Ireland,1965,0.004,-0.052,0.02,-7.35,55.37,0.03,3.00E-01
Malin Head,N. Ireland,1966,0.004,-0.02,0.02,-7.35,55.37,0.03,3.00E-01
Malin Head,N. Ireland,1967,0.004,-0.01,0.02,-7.35,55.37,0.03,3.00E-01
Malin Head,N. Ireland,1968,0.004,0,0.02,-7.35,55.37,0.03,3.00E-01
Malin Head,N. Ireland,1969,0.004,-0.001,0.02,-7.35,55.37,0.03,3.00E-01
Malin Head,N. Ireland,1970,0.004,-0.024,0.02,-7.35,55.37,0.03,3.00E-01
Malin Head,N. Ireland,1971,0.004,-0.027,0.02,-7.35,55.37,0.03,3.00E-01
Malin Head,N. Ireland,1972,0.004,-0.043,0.02,-7.35,55.37,0.03,3.00E-01
Malin Head,N. Ireland,1973,0.004,-0.015,0.02,-7.35,55.37,0.03,3.00E-01
Malin Head,N. Ireland,1974,0.004,-0.024,0.02,-7.35,55.37,0.03,3.00E-01
Malin Head,N. Ireland,1975,0.004,-0.042,0.02,-7.35,55.37,0.03,3.00E-01
Malin Head,N. Ireland,1976,0.004,-0.078,0.02,-7.35,55.37,0.03,3.00E-01
Malin Head,N. Ireland,1977,0.004,-0.041,0.02,-7.35,55.37,0.03,3.00E-01
Malin Head,N. Ireland,1978,0.004,-0.06,0.02,-7.35,55.37,0.03,3.00E-01
Malin Head,N. Ireland,1979,0.004,-0.047,0.02,-7.35,55.37,0.03,3.00E-01
Malin Head,N. Ireland,1980,0.004,-0.016,0.02,-7.35,55.37,0.03,3.00E-01
Malin Head,N. Ireland,1981,0.004,-0.008,0.02,-7.35,55.37,0.03,3.00E-01
Malin Head,N. Ireland,1982,0.004,-0.037,0.02,-7.35,55.37,0.03,3.00E-01
Malin Head,N. Ireland,1983,0.004,-0.025,0.02,-7.35,55.37,0.03,3.00E-01
Malin Head,N. Ireland,1984,0.004,-0.033,0.02,-7.35,55.37,0.03,3.00E-01
Malin Head,N. Ireland,1985,0.004,-0.034,0.02,-7.35,55.37,0.03,3.00E-01
Malin Head,N. Ireland,1986,0.004,-0.035,0.02,-7.35,55.37,0.03,3.00E-01
Malin Head,N. Ireland,1987,0.004,-0.003,0.02,-7.35,55.37,0.03,3.00E-01
Malin Head,N. Ireland,1988,0.004,0.02,0.02,-7.35,55.37,0.03,3.00E-01
Malin Head,N. Ireland,1989,0.004,0.007,0.02,-7.35,55.37,0.03,3.00E-01
Malin Head,N. Ireland,1990,0.004,-0.003,0.02,-7.35,55.37,0.03,3.00E-01
Malin Head,N. Ireland,1991,0.004,-0.033,0.02,-7.35,55.37,0.03,3.00E-01
Malin Head,N. Ireland,1992,0.004,-0.11,0.02,-7.35,55.37,0.03,3.00E-01
Malin Head,N. Ireland,1993,0.004,-0.12,0.02,-7.35,55.37,0.03,3.00E-01
Malin Head,N. Ireland,1994,0.004,-0.068,0.02,-7.35,55.37,0.03,3.00E-01
Malin Head,N. Ireland,1995,0.004,0.002,0.02,-7.35,55.37,0.03,3.00E-01
Malin Head,N. Ireland,1996,0.004,-0.008,0.02,-7.35,55.37,0.03,3.00E-01
Malin Head,N. Ireland,1997,0.004,0.003,0.02,-7.35,55.37,0.03,3.00E-01
Malin Head,N. Ireland,1998,0.004,0.034,0.02,-7.35,55.37,0.03,3.00E-01
Malin Head,N. Ireland,1999,0.004,0.038,0.02,-7.35,55.37,0.03,3.00E-01
Malin Head,N. Ireland,2000,0.004,0.038,0.02,-7.35,55.37,0.03,3.00E-01
Malin Head,N. Ireland,2001,0.004,0.049,0.02,-7.35,55.37,0.03,3.00E-01
Malin Head,N. Ireland,2002,0.004,0.069,0.02,-7.35,55.37,0.03,3.00E-01
Malin Head,N. Ireland,2003,0.004,0.087,0.02,-7.35,55.37,0.03,3.00E-01
Malin Head,N. Ireland,2004,0.00023,0.049,0.01,-7.35,55.37,0.03,3.00E-01
Malin Head,N. Ireland,2005,0.00023,0.059,0.01,-7.35,55.37,0.03,3.00E-01
Malin Head,N. Ireland,2006,0.00023,0.062,0.01,-7.35,55.37,0.03,3.00E-01
Malin Head,N. Ireland,2007,0.00023,0.046,0.01,-7.35,55.37,0.03,3.00E-01
Malin Head,N. Ireland,2008,0.00023,0.038,0.01,-7.35,55.37,0.03,3.00E-01
Malin Head,N. Ireland,2009,0.00023,0.018,0.01,-7.35,55.37,0.03,3.00E-01
Malin Head,N. Ireland,2010,0.00023,0.035,0.01,-7.35,55.37,0.03,3.00E-01
Malin Head,N. Ireland,2011,0.00023,0.039,0.01,-7.35,55.37,0.03,3.00E-01
Malin Head,N. Ireland,2012,0.00023,-0.009,0.01,-7.35,55.37,0.03,3.00E-01
Malin Head,N. Ireland,2013,0.00023,-0.021,0.01,-7.35,55.37,0.03,3.00E-01
Malin Head,N. Ireland,2014,0.00023,0.014,0.01,-7.35,55.37,0.03,3.00E-01
Malin Head,N. Ireland,2015,0.00023,0.067,0.02,-7.35,55.37,0.03,3.00E-01
Malin Head,N. Ireland,2016,0.00023,0.044,0.01,-7.35,55.37,0.03,3.00E-01
Malin Head,N. Ireland,2017,0.00023,0.068,0.01,-7.35,55.37,0.03,3.00E-01
Malin Head,N. Ireland,2018,0.00023,0.039,0.01,-7.35,55.37,0.03,3.00E-01
Malin Head,N. Ireland,2019,0.00023,0.068,0.01,-7.35,55.37,0.03,3.00E-01
Malin Head,N. Ireland,2020,0.00023,0.081,0.01,-7.35,55.37,0.03,3.00E-01
Malin Head,N. Ireland,2021,0.00023,0.079,0.01,-7.35,55.37,0.03,3.00E-01
Malin Head,N. Ireland,2024,0.00023,0.056,0.01,-7.35,55.37,0.03,3.00E-01
