Date,Value,QC_Flag
2015-01-01T00:00:00Z,0.149,1
2015-01-01T01:00:00Z,0.55,1
2015-01-01T02:00:00Z,0.927,1
2015-01-01T03:00:00Z,1.011,1
2015-01-01T04:00:00Z,0.937,1
2015-01-01T05:00:00Z,0.651,1
2015-01-01T06:00:00Z,0.258,1
2015-01-01T07:00:00Z,-0.163,1
2015-01-01T08:00:00Z,-0.532,1
2015-01-01T09:00:00Z,-0.726,1
2015-01-01T10:00:00Z,-0.681,1
2015-01-01T11:00:00Z,-0.338,1
2015-01-01T12:00:00Z,0.142,1
2015-01-01T13:00:00Z,0.65,1
2015-01-01T14:00:00Z,1.111,1
2015-01-01T15:00:00Z,1.34,1
2015-01-01T16:00:00Z,1.331,1
2015-01-01T17:00:00Z,1.097,1
2015-01-01T18:00:00Z,0.633,1
2015-01-01T19:00:00Z,0.132,1
2015-01-01T20:00:00Z,-0.222,1
2015-01-01T21:00:00Z,-0.59,1
2015-01-01T22:00:00Z,-0.644,1
2015-01-01T23:00:00Z,-0.628,1
2015-01-02T00:00:00Z,-0.217,1
2015-01-02T01:00:00Z,0.268,1
2015-01-02T02:00:00Z,0.711,1
2015-01-02T03:00:00Z,1.165,1
2015-01-02T04:00:00Z,1.258,1
2015-01-02T05:00:00Z,1.035,1
2015-01-02T06:00:00Z,0.62,1
2015-01-02T07:00:00Z,0.035,1
2015-01-02T08:00:00Z,-0.511,1
2015-01-02T09:00:00Z,-0.993,1
2015-01-02T10:00:00Z,-0.919,1
2015-01-02T11:00:00Z,-1.103,1
2015-01-02T12:00:00Z,-0.717,1
2015-01-02T13:00:00Z,-0.225,1
2015-01-02T14:00:00Z,0.237,1
2015-01-02T15:00:00Z,0.562,1
2015-01-02T16:00:00Z,0.729,1
2015-01-02T17:00:00Z,0.808,1
2015-01-02T18:00:00Z,0.561,1
2015-01-02T19:00:00Z,0.073,1
2015-01-02T20:00:00Z,-0.394,1
2015-01-02T21:00:00Z,-0.752,1
2015-01-02T22:00:00Z,-1.107,1
2015-01-02T23:00:00Z,-1.207,1
2015-01-03T00:00:00Z,-0.868,1
2015-01-03T01:00:00Z,-0.441,1
2015-01-03T02:00:00Z,0.001,1
2015-01-03T03:00:00Z,0.53,1
2015-01-03T04:00:00Z,0.865,1
2015-01-03T05:00:00Z,1.195,1
2015-01-03T06:00:00Z,0.809,1
2015-01-03T07:00:00Z,0.425,1
2015-01-03T08:00:00Z,-0.189,1
2015-01-03T09:00:00Z,-0.726,1
2015-01-03T10:00:00Z,-1.118,1
2015-01-03T11:00:00Z,-1.304,1
2015-01-03T12:00:00Z,-1.123,1
2015-01-03T13:00:00Z,-0.828,1
2015-01-03T14:00:00Z,-0.218,1
2015-01-03T15:00:00Z,0.4,1
2015-01-03T16:00:00Z,0.858,1
2015-01-03T17:00:00Z,0.98,1
2015-01-03T18:00:00Z,0.95,1
2015-01-03T19:00:00Z,0.54,1
2015-01-03T20:00:00Z,-0.056,1
2015-01-03T21:00:00Z,-0.684,1
2015-01-03T22:00:00Z,-1.102,1
2015-01-03T23:00:00Z,-1.375,1
2015-01-04T00:00:00Z,-1.321,1
2015-01-04T01:00:00Z,-0.977,1
2015-01-04T02:00:00Z,-0.338,1
2015-01-04T03:00:00Z,0.286,1
2015-01-04T04:00:00Z,0.796,1
2015-01-04T05:00:00Z,1.148,1
2015-01-04T06:00:00Z,1.125,1
2015-01-04T07:00:00Z,0.762,1
2015-01-04T08:00:00Z,0.303,1
2015-01-04T09:00:00Z,-0.295,1
2015-01-04T10:00:00Z,-0.966,1
2015-01-04T11:00:00Z,-1.389,1
2015-01-04T12:00:00Z,-1.465,1
2015-01-04T13:00:00Z,-1.226,1
2015-01-04T14:00:00Z,-0.746,1
2015-01-04T15:00:00Z,-0.035,1
2015-01-04T16:00:00Z,0.608,1
2015-01-04T17:00:00Z,0.992,1
2015-01-04T18:00:00Z,1.165,1
2015-01-04T19:00:00Z,0.909,1
2015-01-04T20:00:00Z,0.467,1
2015-01-04T21:00:00Z,-0.186,1
2015-01-04T22:00:00Z,-0.842,1
2015-01-04T23:00:00Z,-1.321,1
2015-01-05T00:00:00Z,-1.456,1
2015-01-05T01:00:00Z,-1.204,1
2015-01-05T02:00:00Z,-0.61,1
2015-01-05T03:00:00Z,0.074,1
2015-01-05T04:00:00Z,0.814,1
2015-01-05T05:00:00Z,1.208,1
2015-01-05T06:00:00Z,1.395,1
2015-01-05T07:00:00Z,1.298,1
2015-01-05T08:00:00Z,0.85,1
2015-01-05T09:00:00Z,0.297,1
2015-01-05T10:00:00Z,-0.343,1
2015-01-05T11:00:00Z,-0.914,1
2015-01-05T12:00:00Z,-1.209,1
2015-01-05T13:00:00Z,-1.209,1
2015-01-05T14:00:00Z,-0.854,1
2015-01-05T15:00:00Z,-0.253,1
2015-01-05T16:00:00Z,0.498,1
2015-01-05T17:00:00Z,1.004,1
2015-01-05T18:00:00Z,1.256,1
2015-01-05T19:00:00Z,1.234,1
2015-01-05T20:00:00Z,0.88,1
2015-01-05T21:00:00Z,0.28,1
2015-01-05T22:00:00Z,-0.376,1
2015-01-05T23:00:00Z,-1.019,1
2015-01-06T00:00:00Z,-1.37,1
2015-01-06T01:00:00Z,-1.316,1
2015-01-06T02:00:00Z,-1.048,1
2015-01-06T03:00:00Z,-0.383,1
2015-01-06T04:00:00Z,0.419,1
2015-01-06T05:00:00Z,0.925,1
2015-01-06T06:00:00Z,1.065,1
2015-01-06T07:00:00Z,1.349,1
2015-01-06T08:00:00Z,1.102,1
2015-01-06T09:00:00Z,0.624,1
2015-01-06T10:00:00Z,-0.031,1
2015-01-06T11:00:00Z,-0.814,1
2015-01-06T12:00:00Z,-1.169,1
2015-01-06T13:00:00Z,-1.443,1
2015-01-06T14:00:00Z,-1.298,1
2015-01-06T15:00:00Z,-0.745,1
2015-01-06T16:00:00Z,-0.078,1
2015-01-06T17:00:00Z,0.557,1
2015-01-06T18:00:00Z,0.905,1
2015-01-06T19:00:00Z,1.177,1
2015-01-06T20:00:00Z,0.921,1
2015-01-06T21:00:00Z,0.52,1
2015-01-06T22:00:00Z,-0.143,1
2015-01-06T23:00:00Z,-0.721,1
2015-01-07T00:00:00Z,-1.232,1
2015-01-07T01:00:00Z,-1.482,1
2015-01-07T02:00:00Z,-1.192,1
2015-01-07T03:00:00Z,-0.688,1
2015-01-07T04:00:00Z,0.075,1
2015-01-07T05:00:00Z,0.839,1
2015-01-07T06:00:00Z,1.364,1
2015-01-07T07:00:00Z,1.637,1
2015-01-07T08:00:00Z,1.597,1
2015-01-07T09:00:00Z,1.238,1
2015-01-07T10:00:00Z,0.71,1
2015-01-07T11:00:00Z,-0.009,1
2015-01-07T12:00:00Z,-0.515,1
2015-01-07T13:00:00Z,-0.874,1
2015-01-07T14:00:00Z,-0.87,1
2015-01-07T15:00:00Z,-0.569,1
2015-01-07T16:00:00Z,-0.057,1
2015-01-07T17:00:00Z,0.656,1
2015-01-07T18:00:00Z,1.203,1
2015-01-07T19:00:00Z,1.426,1
2015-01-07T20:00:00Z,1.422,1
2015-01-07T21:00:00Z,1.042,1
2015-01-07T22:00:00Z,0.4,1
2015-01-07T23:00:00Z,-0.128,1
2015-01-08T00:00:00Z,-0.782,1
2015-01-08T01:00:00Z,-1.107,1
2015-01-08T02:00:00Z,-0.966,1
2015-01-08T03:00:00Z,-0.897,1
2015-01-08T04:00:00Z,-0.285,1
2015-01-08T05:00:00Z,0.277,1
2015-01-08T06:00:00Z,0.687,1
2015-01-08T07:00:00Z,1.42,1
2015-01-08T08:00:00Z,1.388,1
2015-01-08T09:00:00Z,1.046,1
2015-01-08T10:00:00Z,0.63,1
2015-01-08T11:00:00Z,0.035,1
2015-01-08T12:00:00Z,-0.606,1
2015-01-08T13:00:00Z,-1.041,1
2015-01-08T14:00:00Z,-1.35,1
2015-01-08T15:00:00Z,-1.251,1
2015-01-08T16:00:00Z,-0.833,1
2015-01-08T17:00:00Z,-0.163,1
2015-01-08T18:00:00Z,0.448,1
2015-01-08T19:00:00Z,0.816,1
2015-01-08T20:00:00Z,1.16,1
2015-01-08T21:00:00Z,1.184,1
2015-01-08T22:00:00Z,0.804,1
2015-01-08T23:00:00Z,0.573,1
2015-01-09T00:00:00Z,-0.007,1
2015-01-09T01:00:00Z,-0.282,1
2015-01-09T02:00:00Z,-0.601,1
2015-01-09T03:00:00Z,-0.845,1
2015-01-09T04:00:00Z,-0.661,1
2015-01-09T05:00:00Z,0.062,1
2015-01-09T06:00:00Z,0.886,1
2015-01-09T07:00:00Z,0.952,1
2015-01-09T08:00:00Z,1.323,1
2015-01-09T09:00:00Z,1.381,1
2015-01-09T10:00:00Z,1.013,1
2015-01-09T11:00:00Z,0.235,1
2015-01-09T12:00:00Z,-0.136,1
2015-01-09T13:00:00Z,-0.573,1
2015-01-09T14:00:00Z,-1.001,1
2015-01-09T15:00:00Z,-0.911,1
2015-01-09T16:00:00Z,-0.547,1
2015-01-09T17:00:00Z,-0.299,1
2015-01-09T18:00:00Z,0.444,1
2015-01-09T19:00:00Z,0.877,1
2015-01-09T20:00:00Z,1.147,1
2015-01-09T21:00:00Z,1.212,1
2015-01-09T22:00:00Z,1.107,1
2015-01-09T23:00:00Z,0.754,1
2015-01-10T00:00:00Z,0.057,1
2015-01-10T01:00:00Z,-0.352,1
2015-01-10T02:00:00Z,-0.721,1
2015-01-10T03:00:00Z,-0.554,1
2015-01-10T04:00:00Z,-0.13,1
2015-01-10T05:00:00Z,-0.01,1
2015-01-10T06:00:00Z,0.635,1
2015-01-10T07:00:00Z,1.056,1
2015-01-10T08:00:00Z,1.185,1
2015-01-10T09:00:00Z,1.456,1
2015-01-10T10:00:00Z,1.182,1
2015-01-10T11:00:00Z,0.997,1
2015-01-10T12:00:00Z,0.274,1
2015-01-10T13:00:00Z,-0.339,1
2015-01-10T14:00:00Z,-0.622,1
2015-01-10T15:00:00Z,-1.054,1
2015-01-10T16:00:00Z,-1.152,1
2015-01-10T17:00:00Z,-0.593,1
2015-01-10T18:00:00Z,-0.404,1
2015-01-10T19:00:00Z,0.493,1
2015-01-10T20:00:00Z,0.774,1
2015-01-10T21:00:00Z,0.636,1
2015-01-10T22:00:00Z,0.816,1
2015-01-10T23:00:00Z,0.383,1
2015-01-11T00:00:00Z,-0.038,1
2015-01-11T01:00:00Z,-0.26,1
2015-01-11T02:00:00Z,-0.91,1
2015-01-11T03:00:00Z,-0.869,1
2015-01-11T04:00:00Z,-0.992,1
2015-01-11T05:00:00Z,-0.745,1
2015-01-11T06:00:00Z,-0.313,1
2015-01-11T07:00:00Z,0.179,1
2015-01-11T08:00:00Z,0.456,1
2015-01-11T09:00:00Z,0.731,1
2015-01-11T10:00:00Z,0.795,1
2015-01-11T11:00:00Z,0.802,1
2015-01-11T12:00:00Z,0.292,1
2015-01-11T13:00:00Z,0.001,1
2015-01-11T14:00:00Z,-0.349,1
2015-01-11T15:00:00Z,-0.58,1
2015-01-11T16:00:00Z,-0.694,1
2015-01-11T17:00:00Z,-0.621,1
2015-01-11T18:00:00Z,-0.456,1
2015-01-11T19:00:00Z,0.044,1
2015-01-11T20:00:00Z,0.732,1
2015-01-11T21:00:00Z,0.693,1
2015-01-11T22:00:00Z,0.902,1
2015-01-11T23:00:00Z,0.856,1
2015-01-12T00:00:00Z,0.596,1
2015-01-12T01:00:00Z,0.368,1
2015-01-12T02:00:00Z,-0.274,1
2015-01-12T03:00:00Z,-0.441,1
2015-01-12T04:00:00Z,-0.351,1
2015-01-12T05:00:00Z,-0.079,1
2015-01-12T06:00:00Z,0.02,1
2015-01-12T07:00:00Z,0.548,1
2015-01-12T08:00:00Z,0.915,1
2015-01-12T09:00:00Z,0.909,1
2015-01-12T10:00:00Z,1.128,1
2015-01-12T11:00:00Z,0.946,1
2015-01-12T12:00:00Z,0.829,1
2015-01-12T13:00:00Z,0.545,1
2015-01-12T14:00:00Z,0.095,1
2015-01-12T15:00:00Z,-0.203,1
2015-01-12T16:00:00Z,-0.705,1
2015-01-12T17:00:00Z,-0.56,1
2015-01-12T18:00:00Z,-0.795,1
2015-01-12T19:00:00Z,-0.204,1
2015-01-12T20:00:00Z,0.363,1
2015-01-12T21:00:00Z,0.551,1
2015-01-12T22:00:00Z,0.885,1
2015-01-12T23:00:00Z,0.599,1
2015-01-13T00:00:00Z,0.518,1
2015-01-13T01:00:00Z,0.097,1
2015-01-13T02:00:00Z,0.125,1
2015-01-13T03:00:00Z,-0.204,1
2015-01-13T04:00:00Z,-0.555,1
2015-01-13T05:00:00Z,-0.491,1
2015-01-13T06:00:00Z,-0.449,1
2015-01-13T07:00:00Z,-0.019,1
2015-01-13T08:00:00Z,0.091,1
2015-01-13T09:00:00Z,0.626,1
2015-01-13T10:00:00Z,0.665,1
2015-01-13T11:00:00Z,0.728,1
2015-01-13T12:00:00Z,0.857,1
2015-01-13T13:00:00Z,0.766,1
2015-01-13T14:00:00Z,0.31,1
2015-01-13T15:00:00Z,0.163,1
2015-01-13T16:00:00Z,-0.034,1
2015-01-13T17:00:00Z,-0.192,1
2015-01-13T18:00:00Z,-0.465,1
2015-01-13T19:00:00Z,-0.339,1
2015-01-13T20:00:00Z,-0.233,1
2015-01-13T21:00:00Z,0.106,1
2015-01-13T22:00:00Z,0.526,1
2015-01-13T23:00:00Z,0.587,1
2015-01-14T00:00:00Z,0.761,1
2015-01-14T01:00:00Z,0.559,1
2015-01-14T02:00:00Z,0.016,1
2015-01-14T03:00:00Z,-0.193,1
2015-01-14T04:00:00Z,-0.256,1
2015-01-14T05:00:00Z,-0.167,1
2015-01-14T06:00:00Z,-0.456,1
2015-01-14T07:00:00Z,-0.297,1
2015-01-14T08:00:00Z,0.055,1
2015-01-14T09:00:00Z,0.251,1
2015-01-14T10:00:00Z,0.572,1
2015-01-14T11:00:00Z,0.717,1
2015-01-14T12:00:00Z,0.793,1
2015-01-14T13:00:00Z,0.619,1
2015-01-14T14:00:00Z,0.54,1
2015-01-14T15:00:00Z,0.406,1
2015-01-14T16:00:00Z,0.036,1
2015-01-14T17:00:00Z,-0.154,1
2015-01-14T18:00:00Z,-0.311,1
2015-01-14T19:00:00Z,-0.288,1
2015-01-14T20:00:00Z,-0.167,1
2015-01-14T21:00:00Z,0.213,1
2015-01-14T22:00:00Z,0.525,1
2015-01-14T23:00:00Z,0.791,1
2015-01-15T00:00:00Z,1.259,1
2015-01-15T01:00:00Z,1.321,1
2015-01-15T02:00:00Z,1.374,1
2015-01-15T03:00:00Z,1.177,1
2015-01-15T04:00:00Z,1.096,1
2015-01-15T05:00:00Z,0.749,1
2015-01-15T06:00:00Z,0.621,1
2015-01-15T07:00:00Z,0.428,1
2015-01-15T08:00:00Z,0.458,1
2015-01-15T09:00:00Z,0.655,1
2015-01-15T10:00:00Z,0.853,1
2015-01-15T11:00:00Z,1.199,1
2015-01-15T12:00:00Z,1.305,1
2015-01-15T13:00:00Z,1.415,1
2015-01-15T14:00:00Z,1.27,1
2015-01-15T15:00:00Z,1.15,1
2015-01-15T16:00:00Z,0.832,1
2015-01-15T17:00:00Z,0.344,1
2015-01-15T18:00:00Z,-0.134,1
2015-01-15T19:00:00Z,-0.315,1
2015-01-15T20:00:00Z,-0.65,1
2015-01-15T21:00:00Z,-0.565,1
2015-01-15T22:00:00Z,-0.553,1
2015-01-15T23:00:00Z,-0.251,1
2015-01-16T00:00:00Z,-0.009,1
2015-01-16T01:00:00Z,0.431,1
2015-01-16T02:00:00Z,0.436,1
2015-01-16T03:00:00Z,0.54,1
2015-01-16T04:00:00Z,0.214,1
2015-01-16T05:00:00Z,-0.067,1
2015-01-16T06:00:00Z,-0.25,1
2015-01-16T07:00:00Z,-0.617,1
2015-01-16T08:00:00Z,-0.825,1
2015-01-16T09:00:00Z,-0.76,1
2015-01-16T10:00:00Z,-0.546,1
2015-01-16T11:00:00Z,-0.262,1
2015-01-16T12:00:00Z,0.045,1
2015-01-16T13:00:00Z,0.257,1
2015-01-16T14:00:00Z,0.497,1
2015-01-16T15:00:00Z,0.676,1
2015-01-16T16:00:00Z,0.598,1
2015-01-16T17:00:00Z,0.187,1
2015-01-16T18:00:00Z,-0.03,1
2015-01-16T19:00:00Z,-0.492,1
2015-01-16T20:00:00Z,-0.788,1
2015-01-16T21:00:00Z,-0.885,1
2015-01-16T22:00:00Z,-0.823,1
2015-01-16T23:00:00Z,-0.542,1
2015-01-17T00:00:00Z,-0.079,1
2015-01-17T01:00:00Z,0.296,1
2015-01-17T02:00:00Z,0.723,1
2015-01-17T03:00:00Z,0.927,1
2015-01-17T04:00:00Z,0.932,1
2015-01-17T05:00:00Z,0.692,1
2015-01-17T06:00:00Z,0.254,1
2015-01-17T07:00:00Z,-0.134,1
2015-01-17T08:00:00Z,-0.419,1
2015-01-17T09:00:00Z,-0.708,1
2015-01-17T10:00:00Z,-0.699,1
2015-01-17T11:00:00Z,-0.531,1
2015-01-17T12:00:00Z,-0.242,1
2015-01-17T13:00:00Z,0.203,1
2015-01-17T14:00:00Z,0.603,1
2015-01-17T15:00:00Z,0.856,1
2015-01-17T16:00:00Z,0.928,1
2015-01-17T17:00:00Z,0.733,1
2015-01-17T18:00:00Z,0.418,1
2015-01-17T19:00:00Z,-0.061,1
2015-01-17T20:00:00Z,-0.505,1
2015-01-17T21:00:00Z,-0.9,1
2015-01-17T22:00:00Z,-1.072,1
2015-01-17T23:00:00Z,-0.955,1
2015-01-18T00:00:00Z,-0.612,1
2015-01-18T01:00:00Z,-0.086,1
2015-01-18T02:00:00Z,0.52,1
2015-01-18T03:00:00Z,0.923,1
2015-01-18T04:00:00Z,1.106,1
2015-01-18T05:00:00Z,0.982,1
2015-01-18T06:00:00Z,0.61,1
2015-01-18T07:00:00Z,0.064,1
2015-01-18T08:00:00Z,-0.481,1
2015-01-18T09:00:00Z,-0.927,1
2015-01-18T10:00:00Z,-1.201,1
2015-01-18T11:00:00Z,-1.203,1
2015-01-18T12:00:00Z,-0.908,1
2015-01-18T13:00:00Z,-0.519,1
2015-01-18T14:00:00Z,0.094,1
2015-01-18T15:00:00Z,0.525,1
2015-01-18T16:00:00Z,0.818,1
2015-01-18T17:00:00Z,0.972,1
2015-01-18T18:00:00Z,0.707,1
2015-01-18T19:00:00Z,0.202,1
2015-01-18T20:00:00Z,-0.363,1
2015-01-18T21:00:00Z,-0.998,1
2015-01-18T22:00:00Z,-1.422,1
2015-01-18T23:00:00Z,-1.513,1
2015-01-19T00:00:00Z,-1.346,1
2015-01-19T01:00:00Z,-0.798,1
2015-01-19T02:00:00Z,-0.068,1
2015-01-19T03:00:00Z,0.6,1
2015-01-19T04:00:00Z,1.079,1
2015-01-19T05:00:00Z,1.258,1
2015-01-19T06:00:00Z,1.041,1
2015-01-19T07:00:00Z,0.6,1
2015-01-19T08:00:00Z,-0.071,1
2015-01-19T09:00:00Z,-0.69,1
2015-01-19T10:00:00Z,-1.21,1
2015-01-19T11:00:00Z,-1.38,1
2015-01-19T12:00:00Z,-1.277,1
2015-01-19T13:00:00Z,-0.804,1
2015-01-19T14:00:00Z,-0.175,1
2015-01-19T15:00:00Z,0.566,1
2015-01-19T16:00:00Z,1.094,1
2015-01-19T17:00:00Z,1.33,1
2015-01-19T18:00:00Z,1.336,1
2015-01-19T19:00:00Z,0.923,1
2015-01-19T20:00:00Z,0.324,1
2015-01-19T21:00:00Z,-0.396,1
2015-01-19T22:00:00Z,-1.064,1
2015-01-19T23:00:00Z,-1.442,1
2015-01-20T00:00:00Z,-1.471,1
2015-01-20T01:00:00Z,-1.07,1
2015-01-20T02:00:00Z,-0.394,1
2015-01-20T03:00:00Z,0.393,1
2015-01-20T04:00:00Z,1.041,1
2015-01-20T05:00:00Z,1.555,1
2015-01-20T06:00:00Z,1.496,1
2015-01-20T07:00:00Z,1.102,1
2015-01-20T08:00:00Z,0.609,1
2015-01-20T09:00:00Z,-0.001,1
2015-01-20T10:00:00Z,-0.869,1
2015-01-20T11:00:00Z,-1.664,1
2015-01-20T12:00:00Z,-2.036,1
2015-01-20T13:00:00Z,-0.184,1
2015-01-20T14:00:00Z,-0.937,1
2015-01-20T15:00:00Z,-0.019,1
2015-01-20T16:00:00Z,0.522,1
2015-01-20T17:00:00Z,1.111,1
2015-01-20T18:00:00Z,1.407,1
2015-01-20T19:00:00Z,1.124,1
2015-01-20T20:00:00Z,0.639,1
2015-01-20T21:00:00Z,-0.097,1
2015-01-20T22:00:00Z,-0.83,1
2015-01-20T23:00:00Z,-1.466,1
2015-01-21T00:00:00Z,-1.721,1
2015-01-21T01:00:00Z,-1.611,1
2015-01-21T02:00:00Z,-1.21,1
2015-01-21T03:00:00Z,-0.216,1
2015-01-21T04:00:00Z,0.651,1
2015-01-21T05:00:00Z,1.309,1
2015-01-21T06:00:00Z,1.543,1
2015-01-21T07:00:00Z,1.454,1
2015-01-21T08:00:00Z,0.735,1
2015-01-21T09:00:00Z,0.286,1
2015-01-21T10:00:00Z,-0.626,1
2015-01-21T11:00:00Z,-1.402,1
2015-01-21T12:00:00Z,-1.914,1
2015-01-21T13:00:00Z,-1.931,1
2015-01-21T14:00:00Z,-1.644,1
2015-01-21T15:00:00Z,-0.957,1
2015-01-21T16:00:00Z,-0.058,1
2015-01-21T17:00:00Z,0.789,1
2015-01-21T18:00:00Z,1.16,1
2015-01-21T19:00:00Z,1.306,1
2015-01-21T20:00:00Z,0.867,1
2015-01-21T21:00:00Z,0.238,1
2015-01-21T22:00:00Z,-0.673,1
2015-01-21T23:00:00Z,-1.294,1
2015-01-22T00:00:00Z,-1.862,1
2015-01-22T01:00:00Z,-2.167,1
2015-01-22T02:00:00Z,-1.854,1
2015-01-22T03:00:00Z,-1.218,1
2015-01-22T04:00:00Z,-0.155,1
2015-01-22T05:00:00Z,0.796,1
2015-01-22T06:00:00Z,1.441,1
2015-01-22T07:00:00Z,1.656,1
2015-01-22T08:00:00Z,1.553,1
2015-01-22T09:00:00Z,0.796,1
2015-01-22T10:00:00Z,0.027,1
2015-01-22T11:00:00Z,-0.897,1
2015-01-22T12:00:00Z,-1.605,1
2015-01-22T13:00:00Z,-2.029,1
2015-01-22T14:00:00Z,-2.044,1
2015-01-22T15:00:00Z,-1.516,1
2015-01-22T16:00:00Z,-0.653,1
2015-01-22T17:00:00Z,0.325,1
2015-01-22T18:00:00Z,1.046,1
2015-01-22T19:00:00Z,1.373,1
2015-01-22T20:00:00Z,1.439,1
2015-01-22T21:00:00Z,1.063,1
2015-01-22T22:00:00Z,0.315,1
2015-01-22T23:00:00Z,-0.521,1
2015-01-23T00:00:00Z,-1.297,1
2015-01-23T01:00:00Z,-1.83,1
2015-01-23T02:00:00Z,-1.913,1
2015-01-23T03:00:00Z,-1.474,1
2015-01-23T04:00:00Z,-0.661,1
2015-01-23T05:00:00Z,0.392,1
2015-01-23T06:00:00Z,1.311,1
2015-01-23T07:00:00Z,1.873,1
2015-01-23T08:00:00Z,2.047,1
2015-01-23T09:00:00Z,1.782,1
2015-01-23T10:00:00Z,1.1,1
2015-01-23T11:00:00Z,0.236,1
2015-01-23T12:00:00Z,-0.671,1
2015-01-23T13:00:00Z,-1.408,1
2015-01-23T14:00:00Z,-1.7,1
2015-01-23T15:00:00Z,-1.6,1
2015-01-23T16:00:00Z,-1.018,1
2015-01-23T17:00:00Z,-0.161,1
2015-01-23T18:00:00Z,0.654,1
2015-01-23T19:00:00Z,1.32,1
2015-01-23T20:00:00Z,1.486,1
2015-01-23T21:00:00Z,1.418,1
2015-01-23T22:00:00Z,0.869,1
2015-01-23T23:00:00Z,0.115,1
2015-01-24T00:00:00Z,-0.675,1
2015-01-24T01:00:00Z,-1.385,1
2015-01-24T02:00:00Z,-1.835,1
2015-01-24T03:00:00Z,-1.743,1
2015-01-24T04:00:00Z,-1.278,1
2015-01-24T05:00:00Z,-0.619,1
2015-01-24T06:00:00Z,0.24,1
2015-01-24T07:00:00Z,1.091,1
2015-01-24T08:00:00Z,1.454,1
2015-01-24T09:00:00Z,1.322,1
2015-01-24T10:00:00Z,1.214,1
2015-01-24T11:00:00Z,0.297,1
2015-01-24T12:00:00Z,-0.396,1
2015-01-24T13:00:00Z,-1.162,1
2015-01-24T14:00:00Z,-1.713,1
2015-01-24T15:00:00Z,-2.039,1
2015-01-24T16:00:00Z,-1.545,1
2015-01-24T17:00:00Z,-1.054,1
2015-01-24T18:00:00Z,-0.363,1
2015-01-24T19:00:00Z,0.43,1
2015-01-24T20:00:00Z,0.908,1
2015-01-24T21:00:00Z,1.004,1
2015-01-24T22:00:00Z,0.806,1
2015-01-24T23:00:00Z,0.471,1
2015-01-25T00:00:00Z,-0.155,1
2015-01-25T01:00:00Z,-0.766,1
2015-01-25T02:00:00Z,-1.592,1
2015-01-25T03:00:00Z,-1.788,1
2015-01-25T04:00:00Z,-1.655,1
2015-01-25T05:00:00Z,-1.065,1
2015-01-25T06:00:00Z,-0.379,1
2015-01-25T07:00:00Z,0.519,1
2015-01-25T08:00:00Z,1.047,1
2015-01-25T09:00:00Z,1.47,1
2015-01-25T10:00:00Z,1.392,1
2015-01-25T11:00:00Z,1.216,1
2015-01-25T12:00:00Z,0.582,1
2015-01-25T13:00:00Z,-0.136,1
2015-01-25T14:00:00Z,-0.776,1
2015-01-25T15:00:00Z,-1.216,1
2015-01-25T16:00:00Z,-1.343,1
2015-01-25T17:00:00Z,-1.15,1
2015-01-25T18:00:00Z,-0.577,1
2015-01-25T19:00:00Z,0.055,1
2015-01-25T20:00:00Z,0.682,1
2015-01-25T21:00:00Z,0.935,1
2015-01-25T22:00:00Z,1.014,1
2015-01-25T23:00:00Z,0.749,1
2015-01-26T00:00:00Z,0.387,1
2015-01-26T01:00:00Z,-0.181,1
2015-01-26T02:00:00Z,-0.781,1
2015-01-26T03:00:00Z,-1.236,1
2015-01-26T04:00:00Z,-1.402,1
2015-01-26T05:00:00Z,-1.243,1
2015-01-26T06:00:00Z,-0.812,1
2015-01-26T07:00:00Z,-0.222,1
2015-01-26T08:00:00Z,0.4,1
2015-01-26T09:00:00Z,0.825,1
2015-01-26T10:00:00Z,1.117,1
2015-01-26T11:00:00Z,1.061,1
2015-01-26T12:00:00Z,0.868,1
2015-01-26T13:00:00Z,0.244,1
2015-01-26T14:00:00Z,-0.558,1
2015-01-26T15:00:00Z,-0.903,1
2015-01-26T16:00:00Z,-1.289,1
2015-01-26T17:00:00Z,-1.395,1
2015-01-26T18:00:00Z,-1.162,1
2015-01-26T19:00:00Z,-0.805,1
2015-01-26T20:00:00Z,-0.074,1
2015-01-26T21:00:00Z,0.214,1
2015-01-26T22:00:00Z,0.446,1
2015-01-26T23:00:00Z,0.589,1
2015-01-27T00:00:00Z,0.461,1
2015-01-27T01:00:00Z,0.002,1
2015-01-27T02:00:00Z,-0.343,1
2015-01-27T03:00:00Z,-0.799,1
2015-01-27T04:00:00Z,-1.167,1
2015-01-27T05:00:00Z,-1.265,1
2015-01-27T06:00:00Z,-1.174,1
2015-01-27T07:00:00Z,-0.956,1
2015-01-27T08:00:00Z,-0.406,1
2015-01-27T09:00:00Z,0.061,1
2015-01-27T10:00:00Z,0.495,1
2015-01-27T11:00:00Z,0.727,1
2015-01-27T12:00:00Z,0.822,1
2015-01-27T13:00:00Z,0.711,1
2015-01-27T14:00:00Z,0.251,1
2015-01-27T15:00:00Z,-0.168,1
2015-01-27T16:00:00Z,-0.611,1
2015-01-27T17:00:00Z,-0.834,1
2015-01-27T18:00:00Z,-0.917,1
2015-01-27T19:00:00Z,-0.734,1
2015-01-27T20:00:00Z,-0.366,1
2015-01-27T21:00:00Z,-0.001,1
2015-01-27T22:00:00Z,0.389,1
2015-01-27T23:00:00Z,0.721,1
2015-01-28T00:00:00Z,0.784,1
2015-01-28T01:00:00Z,0.642,1
2015-01-28T02:00:00Z,0.455,1
2015-01-28T03:00:00Z,0.222,1
2015-01-28T04:00:00Z,-0.076,1
2015-01-28T05:00:00Z,-0.449,1
2015-01-28T06:00:00Z,-0.529,1
2015-01-28T07:00:00Z,-0.471,1
2015-01-28T08:00:00Z,-0.381,1
2015-01-28T09:00:00Z,0.038,1
2015-01-28T10:00:00Z,0.456,1
2015-01-28T11:00:00Z,0.825,1
2015-01-28T12:00:00Z,0.906,1
2015-01-28T13:00:00Z,0.906,1
2015-01-28T14:00:00Z,0.908,1
2015-01-28T15:00:00Z,0.601,1
2015-01-28T16:00:00Z,0.164,1
2015-01-28T17:00:00Z,-0.092,1
2015-01-28T18:00:00Z,-0.415,1
2015-01-28T19:00:00Z,-0.509,1
2015-01-28T20:00:00Z,-0.627,1
2015-01-28T21:00:00Z,-0.366,1
2015-01-28T22:00:00Z,0.205,1
2015-01-28T23:00:00Z,0.061,1
2015-01-29T00:00:00Z,0.635,1
2015-01-29T01:00:00Z,0.659,1
2015-01-29T02:00:00Z,0.332,1
2015-01-29T03:00:00Z,0.355,1
2015-01-29T04:00:00Z,0.064,1
2015-01-29T05:00:00Z,-0.151,1
2015-01-29T06:00:00Z,-0.539,1
2015-01-29T07:00:00Z,-0.803,1
2015-01-29T08:00:00Z,-0.702,1
2015-01-29T09:00:00Z,-0.751,1
2015-01-29T10:00:00Z,-0.351,1
2015-01-29T11:00:00Z,0.016,1
2015-01-29T12:00:00Z,0.509,1
2015-01-29T13:00:00Z,0.376,1
2015-01-29T14:00:00Z,0.643,1
2015-01-29T15:00:00Z,0.696,1
2015-01-29T16:00:00Z,0.453,1
2015-01-29T17:00:00Z,0.044,1
2015-01-29T18:00:00Z,-0.226,1
2015-01-29T19:00:00Z,-0.209,1
2015-01-29T20:00:00Z,-0.476,1
2015-01-29T21:00:00Z,-0.782,1
2015-01-29T22:00:00Z,-0.661,1
2015-01-29T23:00:00Z,-0.222,1
2015-01-30T00:00:00Z,0.029,1
2015-01-30T01:00:00Z,0.231,1
2015-01-30T02:00:00Z,0.347,1
2015-01-30T03:00:00Z,0.654,1
2015-01-30T04:00:00Z,0.443,1
2015-01-30T05:00:00Z,0.261,1
2015-01-30T06:00:00Z,-0.162,1
2015-01-30T07:00:00Z,-0.636,1
2015-01-30T08:00:00Z,-0.947,1
2015-01-30T09:00:00Z,-1.047,1
2015-01-30T10:00:00Z,-0.961,1
2015-01-30T11:00:00Z,-0.839,1
2015-01-30T12:00:00Z,-0.318,1
2015-01-30T13:00:00Z,-0.059,1
2015-01-30T14:00:00Z,0.408,1
2015-01-30T15:00:00Z,0.527,1
2015-01-30T16:00:00Z,0.446,1
2015-01-30T17:00:00Z,0.342,1
2015-01-30T18:00:00Z,-0.033,1
2015-01-30T19:00:00Z,-0.447,1
2015-01-30T20:00:00Z,-0.855,1
2015-01-30T21:00:00Z,-0.94,1
2015-01-30T22:00:00Z,-0.983,1
2015-01-30T23:00:00Z,-0.858,1
2015-01-31T00:00:00Z,-0.58,1
2015-01-31T01:00:00Z,-0.189,1
2015-01-31T02:00:00Z,0.199,1
2015-01-31T03:00:00Z,0.622,1
2015-01-31T04:00:00Z,0.553,1
2015-01-31T05:00:00Z,0.388,1
2015-01-31T06:00:00Z,0.147,1
2015-01-31T07:00:00Z,-0.296,1
2015-01-31T08:00:00Z,-0.534,1
2015-01-31T09:00:00Z,-0.945,1
2015-01-31T10:00:00Z,-1.257,1
2015-01-31T11:00:00Z,-1.248,1
2015-01-31T12:00:00Z,-0.862,1
2015-01-31T13:00:00Z,-0.628,1
2015-01-31T14:00:00Z,-0.005,1
2015-01-31T15:00:00Z,0.177,1
2015-01-31T16:00:00Z,0.316,1
2015-01-31T17:00:00Z,0.235,1
2015-01-31T18:00:00Z,0.129,1
2015-01-31T19:00:00Z,-0.293,1
2015-01-31T20:00:00Z,-0.743,1
2015-01-31T21:00:00Z,-1.221,1
2015-01-31T22:00:00Z,-1.29,1
2015-01-31T23:00:00Z,-1.316,1
2015-02-01T00:00:00Z,-0.953,1
2015-02-01T01:00:00Z,-0.643,1
2015-02-01T02:00:00Z,-0.141,1
2015-02-01T03:00:00Z,0.386,1
2015-02-01T04:00:00Z,0.572,1
2015-02-01T05:00:00Z,0.672,1
2015-02-01T06:00:00Z,0.487,1
2015-02-01T07:00:00Z,0.042,1
2015-02-01T08:00:00Z,-0.418,1
2015-02-01T09:00:00Z,-0.917,1
2015-02-01T10:00:00Z,-1.245,1
2015-02-01T11:00:00Z,-1.333,1
2015-02-01T12:00:00Z,-1.202,1
2015-02-01T13:00:00Z,-0.83,1
2015-02-01T14:00:00Z,-0.295,1
2015-02-01T15:00:00Z,0.226,1
2015-02-01T16:00:00Z,0.627,1
2015-02-01T17:00:00Z,0.805,1
2015-02-01T18:00:00Z,0.654,1
2015-02-01T19:00:00Z,0.25,1
2015-02-01T20:00:00Z,-0.289,1
2015-02-01T21:00:00Z,-0.839,1
2015-02-01T22:00:00Z,-1.204,1
2015-02-01T23:00:00Z,-1.338,1
2015-02-02T00:00:00Z,-1.233,1
2015-02-02T01:00:00Z,-0.822,1
2015-02-02T02:00:00Z,-0.291,1
2015-02-02T03:00:00Z,0.297,1
2015-02-02T04:00:00Z,0.737,1
2015-02-02T05:00:00Z,0.998,1
2015-02-02T06:00:00Z,0.986,1
2015-02-02T07:00:00Z,0.695,1
2015-02-02T08:00:00Z,0.201,1
2015-02-02T09:00:00Z,-0.392,1
2015-02-02T10:00:00Z,-0.919,1
2015-02-02T11:00:00Z,-1.247,1
2015-02-02T12:00:00Z,-1.332,1
2015-02-02T13:00:00Z,-1.039,1
2015-02-02T14:00:00Z,-0.531,1
2015-02-02T15:00:00Z,0.136,1
2015-02-02T16:00:00Z,0.654,1
2015-02-02T17:00:00Z,0.961,1
2015-02-02T18:00:00Z,1.037,1
2015-02-02T19:00:00Z,0.725,1
2015-02-02T20:00:00Z,0.204,1
2015-02-02T21:00:00Z,-0.398,1
2015-02-02T22:00:00Z,-0.972,1
2015-02-02T23:00:00Z,-1.3,1
2015-02-03T00:00:00Z,-1.3,1
2015-02-03T01:00:00Z,-1.024,1
2015-02-03T02:00:00Z,-0.537,1
2015-02-03T03:00:00Z,0.114,1
2015-02-03T04:00:00Z,0.705,1
2015-02-03T05:00:00Z,1.026,1
2015-02-03T06:00:00Z,1.163,1
2015-02-03T07:00:00Z,0.932,1
2015-02-03T08:00:00Z,0.468,1
2015-02-03T09:00:00Z,-0.166,1
2015-02-03T10:00:00Z,-0.804,1
2015-02-03T11:00:00Z,-1.346,1
2015-02-03T12:00:00Z,-1.655,1
2015-02-03T13:00:00Z,-1.626,1
2015-02-03T14:00:00Z,-1.189,1
2015-02-03T15:00:00Z,-0.615,1
2015-02-03T16:00:00Z,0.117,1
2015-02-03T17:00:00Z,0.605,1
2015-02-03T18:00:00Z,0.858,1
2015-02-03T19:00:00Z,0.725,1
2015-02-03T20:00:00Z,0.353,1
2015-02-03T21:00:00Z,-0.33,1
2015-02-03T22:00:00Z,-0.988,1
2015-02-03T23:00:00Z,-1.507,1
2015-02-04T00:00:00Z,-1.754,1
2015-02-04T01:00:00Z,-1.623,1
2015-02-04T02:00:00Z,-1.136,1
2015-02-04T03:00:00Z,-0.533,1
2015-02-04T04:00:00Z,0.225,1
2015-02-04T05:00:00Z,0.787,1
2015-02-04T06:00:00Z,1.024,1
2015-02-04T07:00:00Z,1.118,1
2015-02-04T08:00:00Z,0.823,1
2015-02-04T09:00:00Z,0.295,1
2015-02-04T10:00:00Z,-0.393,1
2015-02-04T11:00:00Z,-1.056,1
2015-02-04T12:00:00Z,-1.463,1
2015-02-04T13:00:00Z,-1.618,1
2015-02-04T14:00:00Z,-1.311,1
2015-02-04T15:00:00Z,-0.701,1
2015-02-04T16:00:00Z,0.028,1
2015-02-04T17:00:00Z,0.676,1
2015-02-04T18:00:00Z,0.936,1
2015-02-04T19:00:00Z,1.02,1
2015-02-04T20:00:00Z,0.712,1
2015-02-04T21:00:00Z,0.147,1
2015-02-04T22:00:00Z,-0.592,1
2015-02-04T23:00:00Z,-1.227,1
2015-02-05T00:00:00Z,-1.618,1
2015-02-05T01:00:00Z,-1.706,1
2015-02-05T02:00:00Z,-1.409,1
2015-02-05T03:00:00Z,-0.868,1
2015-02-05T04:00:00Z,-0.099,1
2015-02-05T05:00:00Z,0.612,1
2015-02-05T06:00:00Z,1.077,1
2015-02-06T08:00:00Z,0.992,1
2015-02-06T09:00:00Z,0.647,1
2015-02-06T10:00:00Z,0.103,1
2015-02-06T11:00:00Z,-0.552,1
2015-02-06T12:00:00Z,-1.14,1
2015-02-06T13:00:00Z,-1.558,1
2015-02-06T14:00:00Z,-1.716,1
2015-02-06T15:00:00Z,-1.471,1
2015-02-06T16:00:00Z,-0.964,1
2015-02-06T17:00:00Z,-0.217,1
2015-02-06T18:00:00Z,0.407,1
2015-02-06T19:00:00Z,0.805,1
2015-02-06T20:00:00Z,0.831,1
2015-02-06T21:00:00Z,0.468,1
2015-02-06T22:00:00Z,0.033,1
2015-02-06T23:00:00Z,-0.628,1
2015-02-07T00:00:00Z,-1.313,1
2015-02-07T08:00:00Z,0.948,1
2015-02-07T09:00:00Z,0.77,1
2015-02-07T10:00:00Z,0.31,1
2015-02-07T11:00:00Z,-0.243,1
2015-02-07T12:00:00Z,-0.866,1
2015-02-07T13:00:00Z,-1.378,1
2015-02-07T14:00:00Z,-1.624,1
2015-02-07T15:00:00Z,-1.593,1
2015-02-07T16:00:00Z,-1.257,1
2015-02-07T17:00:00Z,-0.649,1
2015-02-07T18:00:00Z,0.045,1
2015-02-07T19:00:00Z,0.527,1
2015-02-07T20:00:00Z,0.791,1
2015-02-07T21:00:00Z,0.64,1
2015-02-07T22:00:00Z,0.253,1
2015-02-07T23:00:00Z,-0.342,1
2015-02-08T07:00:00Z,0.595,1
2015-02-08T08:00:00Z,0.851,1
2015-02-08T09:00:00Z,0.851,1
2015-02-08T10:00:00Z,0.578,1
2015-02-08T11:00:00Z,0.132,1
2015-02-08T12:00:00Z,-0.411,1
2015-02-08T13:00:00Z,-0.965,1
2015-02-08T14:00:00Z,-1.365,1
2015-02-08T15:00:00Z,-1.484,1
2015-02-08T16:00:00Z,-1.258,1
2015-02-08T17:00:00Z,-0.802,1
2015-02-08T18:00:00Z,-0.248,1
2015-02-08T19:00:00Z,0.33,1
2015-02-08T20:00:00Z,0.717,1
2015-02-08T21:00:00Z,0.736,1
2015-02-08T22:00:00Z,0.501,1
2015-02-08T23:00:00Z,0.082,1
2015-02-09T00:00:00Z,-0.485,1
2015-02-09T01:00:00Z,-1.03,1
2015-02-09T02:00:00Z,-1.462,1
2015-02-09T03:00:00Z,-1.513,1
2015-02-09T04:00:00Z,-1.245,1
2015-02-09T05:00:00Z,-0.822,1
2015-02-09T06:00:00Z,-0.225,1
2015-02-09T07:00:00Z,0.333,1
2015-02-09T08:00:00Z,0.672,1
2015-02-09T09:00:00Z,0.776,1
2015-02-09T10:00:00Z,0.664,1
2015-02-09T11:00:00Z,0.353,1
2015-02-09T12:00:00Z,-0.108,1
2015-02-09T13:00:00Z,-0.61,1
2015-02-09T14:00:00Z,-1.078,1
2015-02-09T15:00:00Z,-1.293,1
2015-02-09T16:00:00Z,-1.342,1
2015-02-09T17:00:00Z,-1.064,1
2015-02-09T18:00:00Z,-0.556,1
2015-02-09T19:00:00Z,0.026,1
2015-02-09T20:00:00Z,0.328,1
2015-02-09T21:00:00Z,0.595,1
2015-02-09T22:00:00Z,0.553,1
2015-02-09T23:00:00Z,0.234,1
2015-02-10T00:00:00Z,-0.19,1
2015-02-10T01:00:00Z,-0.708,1
2015-02-10T02:00:00Z,-1.149,1
2015-02-10T03:00:00Z,-1.341,1
2015-02-10T04:00:00Z,-1.255,1
2015-02-10T05:00:00Z,-1.09,1
2015-02-10T06:00:00Z,-0.617,1
2015-02-10T07:00:00Z,-0.072,1
2015-02-10T08:00:00Z,0.383,1
2015-02-10T09:00:00Z,0.632,1
2015-02-10T16:00:00Z,-1.17,1
2015-02-10T17:00:00Z,-1.047,1
2015-02-10T18:00:00Z,-0.793,1
2015-02-10T19:00:00Z,-0.3,1
2015-02-10T20:00:00Z,0.117,1
2015-02-10T21:00:00Z,0.403,1
2015-02-10T22:00:00Z,0.514,1
2015-02-10T23:00:00Z,0.488,1
2015-02-11T00:00:00Z,0.222,1
2015-02-11T01:00:00Z,-0.167,1
2015-02-11T02:00:00Z,-0.569,1
2015-02-11T03:00:00Z,-0.929,1
2015-02-11T04:00:00Z,-1.049,1
2015-02-11T05:00:00Z,-0.951,1
2015-02-11T06:00:00Z,-0.675,1
2015-02-11T07:00:00Z,-0.24,1
2015-02-13T04:00:00Z,0.008,1
2015-02-13T05:00:00Z,-0.271,1
2015-02-13T06:00:00Z,-0.319,1
2015-02-13T07:00:00Z,-0.294,1
2015-02-13T08:00:00Z,-0.101,1
2015-02-13T09:00:00Z,0.166,1
2015-02-13T10:00:00Z,0.422,1
2015-02-13T11:00:00Z,0.695,1
2015-02-13T12:00:00Z,0.872,1
2015-02-13T13:00:00Z,0.914,1
2015-02-13T14:00:00Z,0.807,1
2015-02-13T15:00:00Z,0.519,1
2015-02-13T16:00:00Z,0.201,1
2015-02-13T17:00:00Z,-0.108,1
2015-02-13T18:00:00Z,-0.404,1
2015-02-13T19:00:00Z,-0.596,1
2015-02-13T20:00:00Z,-0.586,1
2015-02-13T21:00:00Z,-0.496,1
2015-02-13T22:00:00Z,-0.29,1
2015-02-13T23:00:00Z,0.029,1
2015-02-14T00:00:00Z,0.293,1
2015-02-14T01:00:00Z,0.431,1
2015-02-14T02:00:00Z,0.496,1
2015-02-14T03:00:00Z,0.328,1
2015-02-14T04:00:00Z,0.042,1
2015-02-14T05:00:00Z,-0.228,1
2015-02-14T06:00:00Z,-0.615,1
2015-02-14T07:00:00Z,-0.776,1
2015-02-14T08:00:00Z,-0.847,1
2015-02-14T09:00:00Z,-0.796,1
2015-02-14T10:00:00Z,-0.54,1
2015-02-14T11:00:00Z,-0.298,1
2015-02-14T12:00:00Z,-0.018,1
2015-02-14T13:00:00Z,0.314,1
2015-02-14T14:00:00Z,0.44,1
2015-02-14T15:00:00Z,0.415,1
2015-02-14T16:00:00Z,0.214,1
2015-02-14T17:00:00Z,-0.05,1
2015-02-14T18:00:00Z,-0.365,1
2015-02-14T19:00:00Z,-0.686,1
2015-02-14T20:00:00Z,-0.904,1
2015-02-14T21:00:00Z,-0.916,1
2015-02-14T22:00:00Z,-0.736,1
2015-02-14T23:00:00Z,-0.437,1
2015-02-15T00:00:00Z,-0.056,1
2015-02-15T01:00:00Z,0.306,1
2015-02-15T02:00:00Z,0.604,1
2015-02-15T06:00:00Z,-0.041,1
2015-02-15T07:00:00Z,-0.414,1
2015-02-15T08:00:00Z,-0.69,1
2015-02-15T09:00:00Z,-0.811,1
2015-02-15T10:00:00Z,-0.721,1
2015-02-15T11:00:00Z,-0.447,1
2015-02-15T12:00:00Z,-0.03,1
2015-02-15T13:00:00Z,0.373,1
2015-02-15T14:00:00Z,0.701,1
2015-02-15T15:00:00Z,0.888,1
2015-02-15T16:00:00Z,0.857,1
2015-02-15T17:00:00Z,0.629,1
2015-02-15T18:00:00Z,0.309,1
2015-02-15T19:00:00Z,-0.134,1
2015-02-15T20:00:00Z,-0.535,1
2015-02-15T21:00:00Z,-0.815,1
2015-02-15T22:00:00Z,-0.846,1
2015-02-15T23:00:00Z,-0.682,1
2015-02-16T00:00:00Z,-0.284,1
2015-02-16T01:00:00Z,0.26,1
2015-02-16T02:00:00Z,0.71,1
2015-02-16T03:00:00Z,0.927,1
2015-02-16T04:00:00Z,1.044,1
2015-02-16T05:00:00Z,0.742,1
2015-02-16T06:00:00Z,0.497,1
2015-02-16T07:00:00Z,-0.104,1
2015-02-16T08:00:00Z,-0.537,1
2015-02-16T09:00:00Z,-0.965,1
2015-02-16T10:00:00Z,-1.18,1
2015-02-16T11:00:00Z,-1.061,1
2015-02-16T12:00:00Z,-0.759,1
2015-02-16T13:00:00Z,-0.23,1
2015-02-16T14:00:00Z,0.263,1
2015-02-16T16:00:00Z,1.068,1
2015-02-16T17:00:00Z,0.669,1
2015-02-16T18:00:00Z,0.487,1
2015-02-16T19:00:00Z,-0.006,1
2015-02-16T20:00:00Z,-0.605,1
2015-02-16T21:00:00Z,-1.067,1
2015-02-16T22:00:00Z,-1.432,1
2015-02-16T23:00:00Z,-1.336,1
2015-02-17T00:00:00Z,-1.056,1
2015-02-17T01:00:00Z,-0.515,1
2015-02-17T02:00:00Z,0.269,1
2015-02-17T03:00:00Z,0.709,1
2015-02-17T04:00:00Z,0.927,1
2015-02-17T05:00:00Z,0.968,1
2015-02-17T06:00:00Z,0.738,1
2015-02-17T07:00:00Z,0.074,1
2015-02-17T08:00:00Z,-0.576,1
2015-02-17T09:00:00Z,-0.969,1
2015-02-17T10:00:00Z,-1.449,1
2015-02-17T11:00:00Z,-1.609,1
2015-02-17T12:00:00Z,-1.423,1
2015-02-17T13:00:00Z,-0.903,1
2015-02-17T14:00:00Z,-0.499,1
2015-02-17T15:00:00Z,0.446,1
2015-02-17T16:00:00Z,1.001,1
2015-02-17T17:00:00Z,0.714,1
2015-02-17T18:00:00Z,0.864,1
2015-02-17T19:00:00Z,0.293,1
2015-02-17T20:00:00Z,-0.171,1
2015-02-17T21:00:00Z,-0.666,1
2015-02-17T22:00:00Z,-1.537,1
2015-02-17T23:00:00Z,-1.589,1
2015-02-18T00:00:00Z,-1.35,1
2015-02-18T01:00:00Z,-0.949,1
2015-02-18T02:00:00Z,-0.134,1
2015-02-18T03:00:00Z,0.587,1
2015-02-18T04:00:00Z,1.319,1
2015-02-18T05:00:00Z,1.587,1
2015-02-18T06:00:00Z,1.477,1
2015-02-18T07:00:00Z,0.993,1
2015-02-18T08:00:00Z,0.275,1
2015-02-18T09:00:00Z,-0.475,1
2015-02-18T10:00:00Z,-1.164,1
2015-02-18T11:00:00Z,-1.545,1
2015-02-18T12:00:00Z,-1.662,1
2015-02-18T13:00:00Z,-1.318,1
2015-02-18T14:00:00Z,-0.612,1
2015-02-18T15:00:00Z,0.241,1
2015-02-18T16:00:00Z,0.946,1
2015-02-18T17:00:00Z,1.43,1
2015-02-18T18:00:00Z,1.495,1
2015-02-18T19:00:00Z,1.218,1
2015-02-18T20:00:00Z,0.655,1
2015-02-18T21:00:00Z,-0.141,1
2015-02-18T22:00:00Z,-0.951,1
2015-02-18T23:00:00Z,-1.489,1
2015-02-19T00:00:00Z,-1.694,1
2015-02-19T01:00:00Z,-1.382,1
2015-02-19T02:00:00Z,-0.686,1
2015-02-19T03:00:00Z,0.248,1
2015-02-19T04:00:00Z,1.107,1
2015-02-19T05:00:00Z,1.755,1
2015-02-19T06:00:00Z,2.032,1
2015-02-19T07:00:00Z,1.834,1
2015-02-19T08:00:00Z,1.07,1
2015-02-19T09:00:00Z,0.278,1
2015-02-19T10:00:00Z,-0.642,1
2015-02-19T11:00:00Z,-1.375,1
2015-02-19T12:00:00Z,-1.856,1
2015-02-19T13:00:00Z,-1.728,1
2015-02-19T14:00:00Z,-1.318,1
2015-02-19T15:00:00Z,-0.441,1
2015-02-19T16:00:00Z,0.501,1
2015-02-19T17:00:00Z,1.157,1
2015-02-19T18:00:00Z,1.61,1
2015-02-19T19:00:00Z,1.613,1
2015-02-19T20:00:00Z,1.086,1
2015-02-19T21:00:00Z,0.274,1
2015-02-19T22:00:00Z,-0.587,1
2015-02-19T23:00:00Z,-1.329,1
2015-02-20T00:00:00Z,-1.83,1
2015-02-20T01:00:00Z,-2.014,1
2015-02-20T02:00:00Z,-1.463,1
2015-02-20T03:00:00Z,-0.631,1
2015-02-20T04:00:00Z,0.377,1
2015-02-20T05:00:00Z,1.268,1
2015-02-20T06:00:00Z,1.818,1
2015-02-20T07:00:00Z,2.002,1
2015-02-20T08:00:00Z,1.612,1
2015-02-20T09:00:00Z,0.876,1
2015-02-20T10:00:00Z,-0.093,1
2015-02-20T11:00:00Z,-1.059,1
2015-02-20T12:00:00Z,-1.846,1
2015-02-20T13:00:00Z,-2.006,1
2015-02-20T14:00:00Z,-1.812,1
2015-02-20T15:00:00Z,-1.141,1
2015-02-20T16:00:00Z,-0.278,1
2015-02-20T17:00:00Z,0.694,1
2015-02-20T18:00:00Z,1.365,1
2015-02-20T19:00:00Z,1.636,1
2015-02-20T20:00:00Z,1.578,1
2015-02-20T21:00:00Z,0.983,1
2015-02-20T22:00:00Z,0.121,1
2015-02-20T23:00:00Z,-0.856,1
2015-02-21T00:00:00Z,-1.628,1
2015-02-21T01:00:00Z,-2.064,1
2015-02-21T02:00:00Z,-1.966,1
2015-02-21T03:00:00Z,-1.346,1
2015-02-21T04:00:00Z,-0.427,1
2015-02-21T05:00:00Z,0.604,1
2015-02-21T06:00:00Z,1.362,1
2015-02-21T07:00:00Z,1.922,1
2015-02-21T08:00:00Z,1.84,1
2015-02-21T09:00:00Z,1.462,1
2015-02-21T10:00:00Z,0.645,1
2015-02-21T11:00:00Z,-0.392,1
2015-02-21T12:00:00Z,-1.222,1
2015-02-21T13:00:00Z,-1.878,1
2015-02-21T14:00:00Z,-2.02,1
2015-02-21T15:00:00Z,-1.701,1
2015-02-21T16:00:00Z,-0.998,1
2015-02-21T17:00:00Z,-0.119,1
2015-02-21T18:00:00Z,0.767,1
2015-02-21T19:00:00Z,1.18,1
2015-02-21T20:00:00Z,1.446,1
2015-02-21T21:00:00Z,1.123,1
2015-02-21T22:00:00Z,0.463,1
2015-02-21T23:00:00Z,-0.397,1
2015-02-22T00:00:00Z,-1.123,1
2015-02-22T01:00:00Z,-1.941,1
2015-02-22T02:00:00Z,-2.238,1
2015-02-22T03:00:00Z,-1.974,1
2015-02-22T04:00:00Z,-1.271,1
2015-02-22T05:00:00Z,-0.262,1
2015-02-22T06:00:00Z,0.718,1
2015-02-22T07:00:00Z,1.467,1
2015-02-22T08:00:00Z,1.877,1
2015-02-22T09:00:00Z,1.779,1
2015-02-22T10:00:00Z,1.28,1
2015-02-22T16:00:00Z,-1.042,1
2015-02-22T17:00:00Z,-0.297,1
2015-02-22T18:00:00Z,0.594,1
2015-02-22T19:00:00Z,1.313,1
2015-02-22T20:00:00Z,1.661,1
2015-02-22T21:00:00Z,1.607,1
2015-02-22T22:00:00Z,1.409,1
2015-02-22T23:00:00Z,0.637,1
2015-02-23T00:00:00Z,-0.078,1
2015-02-23T01:00:00Z,-0.645,1
2015-02-23T02:00:00Z,-1.227,1
2015-02-23T03:00:00Z,-1.435,1
2015-02-23T04:00:00Z,-1.122,1
2015-02-23T05:00:00Z,-0.379,1
2015-02-23T06:00:00Z,0.459,1
2015-02-23T07:00:00Z,1.293,1
2015-02-23T08:00:00Z,1.817,1
2015-02-23T09:00:00Z,2.001,1
2015-02-23T10:00:00Z,1.706,1
2015-02-23T11:00:00Z,1.089,1
2015-02-23T12:00:00Z,0.879,1
2015-02-23T13:00:00Z,-0.523,1
2015-02-23T14:00:00Z,-0.998,1
2015-02-23T15:00:00Z,-1.31,1
2015-02-23T16:00:00Z,-1.106,1
2015-02-23T17:00:00Z,-0.78,1
2015-02-23T18:00:00Z,-0.132,1
2015-02-23T19:00:00Z,0.681,1
2015-02-23T20:00:00Z,0.803,1
2015-02-23T21:00:00Z,1.181,1
2015-02-23T22:00:00Z,1.214,1
2015-02-23T23:00:00Z,1.006,1
2015-02-24T00:00:00Z,0.422,1
2015-02-24T01:00:00Z,-0.27,1
2015-02-24T02:00:00Z,-0.969,1
2015-02-24T03:00:00Z,-1.335,1
2015-02-24T04:00:00Z,-1.405,1
2015-02-24T05:00:00Z,-1.167,1
2015-02-24T06:00:00Z,-0.507,1
2015-02-24T07:00:00Z,0.146,1
2015-02-24T08:00:00Z,0.617,1
2015-02-24T09:00:00Z,0.751,1
2015-02-24T10:00:00Z,1.055,1
2015-02-24T11:00:00Z,0.861,1
2015-02-24T12:00:00Z,0.353,1
2015-02-24T13:00:00Z,-0.101,1
2015-02-24T14:00:00Z,-0.718,1
2015-02-24T15:00:00Z,-1.154,1
2015-02-24T16:00:00Z,-1.462,1
2015-02-24T17:00:00Z,-1.343,1
2015-02-24T18:00:00Z,-1.102,1
2015-02-24T19:00:00Z,-0.44,1
2015-02-24T20:00:00Z,0.089,1
2015-02-24T21:00:00Z,0.309,1
2015-02-24T22:00:00Z,0.659,1
2015-02-24T23:00:00Z,0.665,1
2015-02-25T00:00:00Z,0.249,1
2015-02-25T01:00:00Z,-0.06,1
2015-02-25T02:00:00Z,-0.503,1
2015-02-25T03:00:00Z,-0.992,1
2015-02-25T04:00:00Z,-1.248,1
2015-02-25T05:00:00Z,-1.225,1
2015-02-25T06:00:00Z,-1.139,1
2015-02-25T07:00:00Z,-0.69,1
2015-02-25T08:00:00Z,-0.108,1
2015-02-25T09:00:00Z,0.261,1
2015-02-25T15:00:00Z,-0.38,1
2015-02-25T16:00:00Z,-0.714,1
2015-02-25T17:00:00Z,-0.968,1
2015-02-25T18:00:00Z,-0.879,1
2015-02-25T19:00:00Z,-0.642,1
2015-02-25T20:00:00Z,-0.181,1
2015-02-25T21:00:00Z,0.246,1
2015-02-25T22:00:00Z,0.519,1
2015-02-25T23:00:00Z,0.755,1
2015-02-26T00:00:00Z,0.813,1
2015-02-26T01:00:00Z,0.672,1
2015-02-26T02:00:00Z,0.436,1
2015-02-26T03:00:00Z,0.106,1
2015-02-26T04:00:00Z,-0.308,1
2015-02-26T05:00:00Z,-0.424,1
2015-02-26T06:00:00Z,-0.766,1
2015-02-26T07:00:00Z,-0.547,1
2015-02-26T08:00:00Z,-0.412,1
2015-02-26T09:00:00Z,-0.063,1
2015-02-26T10:00:00Z,0.231,1
2015-02-26T11:00:00Z,0.553,1
2015-02-26T12:00:00Z,0.675,1
2015-02-26T13:00:00Z,0.707,1
2015-02-26T14:00:00Z,0.594,1
2015-02-26T15:00:00Z,0.009,1
2015-02-26T16:00:00Z,-0.364,1
2015-02-26T17:00:00Z,-0.455,1
2015-02-26T18:00:00Z,-0.791,1
2015-02-26T19:00:00Z,-0.893,1
2015-02-26T20:00:00Z,-0.612,1
2015-02-26T21:00:00Z,-0.559,1
2015-02-26T22:00:00Z,-0.223,1
2015-02-26T23:00:00Z,0.03,1
2015-02-27T00:00:00Z,0.092,1
2015-02-27T06:00:00Z,-0.746,1
2015-02-27T07:00:00Z,-0.98,1
2015-02-27T08:00:00Z,-0.562,1
2015-02-27T09:00:00Z,-0.869,1
2015-02-27T10:00:00Z,-0.545,1
2015-02-27T11:00:00Z,-0.452,1
2015-02-27T12:00:00Z,-0.057,1
2015-02-27T13:00:00Z,0.346,1
2015-02-27T14:00:00Z,0.575,1
2015-02-27T15:00:00Z,0.277,1
2015-02-27T16:00:00Z,0.06,1
2015-02-27T17:00:00Z,-0.277,1
2015-02-27T18:00:00Z,-0.475,1
2015-02-27T19:00:00Z,-0.587,1
2015-02-27T20:00:00Z,-0.649,1
2015-02-27T21:00:00Z,-0.399,1
2015-02-27T22:00:00Z,-0.243,1
2015-02-27T23:00:00Z,-0.01,1
2015-02-28T00:00:00Z,0.191,1
2015-04-11T23:00:00Z,0.755,1
2015-04-12T00:00:00Z,0.719,1
2015-04-12T01:00:00Z,0.526,1
2015-04-12T02:00:00Z,0.255,1
2015-04-12T03:00:00Z,-0.277,1
2015-04-12T04:00:00Z,-0.582,1
2015-04-12T05:00:00Z,-0.761,1
2015-04-12T06:00:00Z,-0.789,1
2015-04-12T07:00:00Z,-0.602,1
2015-04-12T08:00:00Z,-0.325,1
2015-04-12T09:00:00Z,0.014,1
2015-04-12T10:00:00Z,0.281,1
2015-04-12T11:00:00Z,0.513,1
2015-04-12T12:00:00Z,0.495,1
2015-04-12T13:00:00Z,0.492,1
2015-04-12T14:00:00Z,0.304,1
2015-04-12T15:00:00Z,0.008,1
2015-04-12T16:00:00Z,-0.352,1
2015-04-12T17:00:00Z,-0.63,1
2015-04-12T18:00:00Z,-0.839,1
2015-04-12T19:00:00Z,-0.84,1
2015-04-12T20:00:00Z,-0.613,1
2015-04-12T21:00:00Z,-0.29,1
2015-04-12T22:00:00Z,0.103,1
2015-04-12T23:00:00Z,0.423,1
2015-04-13T00:00:00Z,0.588,1
2015-04-13T01:00:00Z,0.581,1
2015-04-13T02:00:00Z,0.511,1
2015-04-13T03:00:00Z,0.186,1
2015-04-13T04:00:00Z,-0.171,1
2015-04-13T05:00:00Z,-0.562,1
2015-04-13T06:00:00Z,-0.767,1
2015-04-13T07:00:00Z,-0.88,1
2015-04-13T08:00:00Z,-0.819,1
2015-04-13T09:00:00Z,-0.597,1
2015-04-13T20:00:00Z,-0.669,1
2015-04-13T21:00:00Z,-0.56,1
2015-04-13T22:00:00Z,-0.245,1
2015-04-13T23:00:00Z,0.188,1
2015-04-14T00:00:00Z,0.567,1
2015-04-14T01:00:00Z,0.844,1
2015-04-14T02:00:00Z,0.967,1
2015-04-14T03:00:00Z,0.886,1
2015-04-14T04:00:00Z,0.608,1
2015-04-14T05:00:00Z,0.181,1
2015-04-14T06:00:00Z,-0.279,1
2015-04-14T07:00:00Z,-0.675,1
2015-04-14T08:00:00Z,-0.805,1
2015-04-14T09:00:00Z,-0.872,1
2015-04-14T10:00:00Z,-0.686,1
2015-04-14T11:00:00Z,-0.419,1
2015-04-14T12:00:00Z,-0.032,1
2015-04-14T13:00:00Z,0.385,1
2015-04-14T14:00:00Z,0.665,1
2015-04-14T15:00:00Z,0.704,1
2015-04-14T16:00:00Z,0.594,1
2015-04-14T23:00:00Z,-0.376,1
2015-04-15T00:00:00Z,0.145,1
2015-04-15T01:00:00Z,0.677,1
2015-04-15T02:00:00Z,1.008,1
2015-04-15T03:00:00Z,1.14,1
2015-04-15T04:00:00Z,1.041,1
2015-04-15T05:00:00Z,0.736,1
2015-04-15T11:00:00Z,-1.038,1
2015-04-15T12:00:00Z,-0.566,1
2015-04-15T13:00:00Z,-0.015,1
2015-04-15T14:00:00Z,0.456,1
2015-04-15T15:00:00Z,0.764,1
2015-04-15T16:00:00Z,0.861,1
2015-04-15T17:00:00Z,0.627,1
2015-04-15T18:00:00Z,0.174,1
2015-04-15T19:00:00Z,-0.281,1
2015-04-15T20:00:00Z,-0.9,1
2015-04-15T21:00:00Z,-1.227,1
2015-04-15T22:00:00Z,-1.348,1
2015-04-15T23:00:00Z,-1.191,1
2015-04-16T00:00:00Z,-0.697,1
2015-04-16T01:00:00Z,0.007,1
2015-04-16T02:00:00Z,0.625,1
2015-04-16T03:00:00Z,1.106,1
2015-04-16T04:00:00Z,1.294,1
2015-04-16T05:00:00Z,1.083,1
2015-04-16T06:00:00Z,0.679,1
2015-04-16T07:00:00Z,0.007,1
2015-04-16T08:00:00Z,-0.659,1
2015-04-16T09:00:00Z,-1.204,1
2015-04-18T10:00:00Z,-1.365,1
2015-04-18T11:00:00Z,-1.968,1
2015-04-18T12:00:00Z,-2.116,1
2015-04-18T13:00:00Z,-1.82,1
2015-04-18T14:00:00Z,-1.132,1
2015-04-18T15:00:00Z,-0.172,1
2015-04-18T16:00:00Z,0.638,1
2015-04-18T17:00:00Z,1.169,1
2015-04-18T18:00:00Z,1.432,1
2015-04-18T19:00:00Z,1.222,1
2015-04-18T20:00:00Z,0.605,1
2015-04-18T21:00:00Z,-0.232,1
2015-04-18T22:00:00Z,-1.137,1
2015-04-18T23:00:00Z,-1.825,1
2015-04-19T00:00:00Z,-2.131,1
2015-04-19T01:00:00Z,-1.945,1
2015-04-23T07:00:00Z,0.269,1
2015-04-23T08:00:00Z,0.714,1
2015-04-23T09:00:00Z,0.98,1
2015-04-23T10:00:00Z,0.935,1
2015-04-23T11:00:00Z,0.579,1
2015-04-23T12:00:00Z,0.112,1
2015-04-23T13:00:00Z,-0.47,1
2015-04-23T14:00:00Z,-0.964,1
2015-04-23T15:00:00Z,-1.234,1
2015-04-23T16:00:00Z,-1.156,1
2015-04-23T17:00:00Z,-0.842,1
2015-04-23T18:00:00Z,-0.272,1
2015-04-23T19:00:00Z,0.35,1
2015-04-23T20:00:00Z,0.786,1
2015-04-23T21:00:00Z,0.988,1
2015-04-23T22:00:00Z,1.035,1
2015-04-25T14:00:00Z,0.032,1
2015-04-25T15:00:00Z,-0.38,1
2015-04-25T16:00:00Z,-0.68,1
2015-04-25T17:00:00Z,-0.811,1
2015-04-25T18:00:00Z,-0.768,1
2015-04-25T19:00:00Z,-0.604,1
2015-04-25T20:00:00Z,-0.241,1
2015-04-25T21:00:00Z,0.085,1
2015-04-25T22:00:00Z,0.354,1
2015-04-25T23:00:00Z,0.53,1
2015-04-26T00:00:00Z,0.483,1
2015-04-26T01:00:00Z,0.529,1
2015-04-26T02:00:00Z,0.296,1
2015-04-26T03:00:00Z,0.078,1
2015-04-26T04:00:00Z,-0.278,1
2015-04-26T05:00:00Z,-0.544,1
2015-05-02T15:00:00Z,0.232,1
2015-05-02T16:00:00Z,0.818,1
2015-05-02T17:00:00Z,1.185,1
2015-05-02T18:00:00Z,1.173,1
2015-05-02T19:00:00Z,0.874,1
2015-05-02T20:00:00Z,0.298,1
2015-05-02T21:00:00Z,-0.308,1
2015-05-02T22:00:00Z,-0.84,1
2015-05-02T23:00:00Z,-1.189,1
2015-05-03T00:00:00Z,-1.206,1
2015-05-03T01:00:00Z,-0.921,1
2015-05-03T02:00:00Z,-0.383,1
2015-05-03T03:00:00Z,0.308,1
2015-05-03T04:00:00Z,0.836,1
2015-05-03T05:00:00Z,1.254,1
2015-05-03T06:00:00Z,1.361,1
2015-05-03T09:00:00Z,0.079,1
2015-05-03T10:00:00Z,-0.548,1
2015-05-03T11:00:00Z,-1.046,1
2015-05-03T12:00:00Z,-1.265,1
2015-05-03T13:00:00Z,-1.081,1
2015-05-03T14:00:00Z,-0.543,1
2015-05-03T15:00:00Z,0.2,1
2015-05-03T16:00:00Z,0.927,1
2015-05-03T17:00:00Z,1.428,1
2015-05-03T18:00:00Z,1.609,1
2015-05-03T19:00:00Z,1.403,1
2015-05-03T20:00:00Z,0.927,1
2015-05-03T21:00:00Z,0.277,1
2015-05-03T22:00:00Z,-0.397,1
2015-05-03T23:00:00Z,-0.908,1
2015-05-04T00:00:00Z,-1.11,1
2015-05-20T00:00:00Z,-1.428,1
2015-05-20T01:00:00Z,-1.893,1
2015-05-20T02:00:00Z,-1.801,1
2015-05-20T03:00:00Z,-1.318,1
2015-05-20T04:00:00Z,-0.633,1
2015-05-20T05:00:00Z,0.225,1
2015-05-20T06:00:00Z,0.839,1
2015-05-20T07:00:00Z,1.225,1
2015-05-20T08:00:00Z,1.273,1
2015-05-20T09:00:00Z,0.863,1
2015-05-20T10:00:00Z,0.259,1
2015-05-20T11:00:00Z,-0.533,1
2015-05-20T12:00:00Z,-1.268,1
2015-05-20T13:00:00Z,-1.68,1
2015-05-20T14:00:00Z,-1.727,1
2015-05-20T15:00:00Z,-1.308,1
2015-05-20T16:00:00Z,-0.669,1
2015-05-20T17:00:00Z,0.237,1
2015-05-20T18:00:00Z,0.852,1
2015-05-20T19:00:00Z,1.259,1
2015-05-20T20:00:00Z,1.343,1
2015-05-20T21:00:00Z,1.067,1
2015-05-20T22:00:00Z,0.523,1
2015-05-20T23:00:00Z,-0.107,1
2015-05-21T00:00:00Z,-0.796,1
2015-05-21T01:00:00Z,-1.334,1
2015-05-21T02:00:00Z,-1.578,1
2015-05-21T03:00:00Z,-1.507,1
2015-05-21T04:00:00Z,-1.064,1
2015-05-21T05:00:00Z,-0.299,1
2015-05-21T06:00:00Z,0.444,1
2015-05-21T07:00:00Z,0.909,1
2015-05-21T08:00:00Z,1.189,1
2015-05-21T09:00:00Z,1.041,1
2015-05-21T10:00:00Z,0.597,1
2015-05-21T11:00:00Z,-0.005,1
2015-05-21T12:00:00Z,-0.679,1
2015-05-21T13:00:00Z,-1.244,1
2015-05-21T14:00:00Z,-1.508,1
2015-05-21T15:00:00Z,-1.367,1
2015-05-21T16:00:00Z,-0.929,1
2015-05-21T17:00:00Z,-0.252,1
2015-05-21T18:00:00Z,0.452,1
2015-05-21T19:00:00Z,0.971,1
2015-05-21T20:00:00Z,1.218,1
2015-05-21T21:00:00Z,1.173,1
2015-05-21T22:00:00Z,0.915,1
2015-05-21T23:00:00Z,0.425,1
2015-05-22T00:00:00Z,-0.154,1
2015-05-22T01:00:00Z,-0.755,1
2015-05-22T02:00:00Z,-1.226,1
2015-05-22T03:00:00Z,-1.362,1
2015-05-22T04:00:00Z,-1.257,1
2015-05-22T05:00:00Z,-0.775,1
2015-05-22T06:00:00Z,-0.095,1
2015-05-22T16:00:00Z,-1.208,1
2015-05-22T17:00:00Z,-0.753,1
2015-05-22T18:00:00Z,-0.159,1
2015-05-22T19:00:00Z,0.423,1
2015-05-22T20:00:00Z,0.827,1
2015-05-22T21:00:00Z,0.955,1
2015-05-22T22:00:00Z,0.887,1
2015-05-22T23:00:00Z,0.603,1
2015-05-23T00:00:00Z,0.185,1
2015-05-23T01:00:00Z,-0.265,1
2015-05-23T02:00:00Z,-0.844,1
2015-05-23T03:00:00Z,-1.159,1
2015-05-23T04:00:00Z,-1.268,1
2015-05-23T05:00:00Z,-1.085,1
2015-05-23T06:00:00Z,-0.65,1
2015-05-23T07:00:00Z,-0.112,1
2015-05-23T08:00:00Z,0.322,1
2015-05-23T09:00:00Z,0.641,1
2015-05-23T10:00:00Z,0.705,1
2015-05-23T11:00:00Z,0.486,1
2015-05-23T12:00:00Z,0.171,1
2015-05-23T13:00:00Z,-0.328,1
2015-05-23T14:00:00Z,-0.803,1
2015-05-23T15:00:00Z,-1.086,1
2015-05-23T16:00:00Z,-1.105,1
2015-05-23T17:00:00Z,-0.839,1
2015-05-23T18:00:00Z,-0.433,1
2015-05-23T19:00:00Z,0.133,1
2015-05-23T20:00:00Z,0.606,1
2015-05-23T21:00:00Z,0.869,1
2015-05-23T22:00:00Z,0.961,1
2015-05-23T23:00:00Z,0.858,1
2015-05-24T00:00:00Z,0.686,1
2015-05-24T01:00:00Z,0.281,1
2015-05-24T02:00:00Z,-0.124,1
2015-05-24T03:00:00Z,-0.542,1
2015-05-24T04:00:00Z,-0.852,1
2015-05-24T05:00:00Z,-0.913,1
2015-05-24T06:00:00Z,-0.806,1
2015-05-24T07:00:00Z,-0.395,1
2015-05-24T08:00:00Z,0.027,1
2015-05-24T09:00:00Z,0.381,1
2015-05-24T10:00:00Z,0.536,1
2015-05-24T11:00:00Z,0.585,1
2015-05-24T12:00:00Z,0.43,1
2015-05-24T13:00:00Z,0.033,1
2015-05-24T14:00:00Z,-0.307,1
2015-05-24T15:00:00Z,-0.698,1
2015-05-24T16:00:00Z,-0.912,1
2015-05-24T17:00:00Z,-0.887,1
2015-05-24T18:00:00Z,-0.675,1
2015-05-24T19:00:00Z,-0.311,1
2015-05-24T20:00:00Z,0.054,1
2015-05-24T21:00:00Z,0.354,1
2015-05-24T22:00:00Z,0.557,1
2015-05-24T23:00:00Z,0.619,1
2015-05-25T00:00:00Z,0.612,1
2015-05-25T01:00:00Z,0.419,1
2015-05-25T02:00:00Z,0.164,1
2015-05-25T03:00:00Z,-0.241,1
2015-05-25T04:00:00Z,-0.575,1
2015-05-25T05:00:00Z,-0.835,1
2015-05-25T06:00:00Z,-0.899,1
2015-05-25T07:00:00Z,-0.767,1
2015-05-25T08:00:00Z,-0.478,1
2015-05-25T09:00:00Z,-0.123,1
2015-05-25T10:00:00Z,0.218,1
2015-05-25T11:00:00Z,0.351,1
2015-05-25T12:00:00Z,0.361,1
2015-05-25T13:00:00Z,0.249,1
2015-05-25T14:00:00Z,-0.004,1
2015-05-25T15:00:00Z,-0.334,1
2015-05-25T16:00:00Z,-0.62,1
2015-05-25T17:00:00Z,-0.785,1
2015-05-25T18:00:00Z,-0.749,1
2015-05-25T19:00:00Z,-0.651,1
2015-05-25T20:00:00Z,-0.451,1
2015-05-25T21:00:00Z,-0.088,1
2015-05-25T22:00:00Z,0.203,1
2015-05-25T23:00:00Z,0.458,1
2015-05-26T00:00:00Z,0.563,1
2015-05-26T01:00:00Z,0.483,1
2015-05-26T02:00:00Z,0.363,1
2015-05-26T19:00:00Z,-0.833,1
2015-05-26T20:00:00Z,-0.748,1
2015-05-26T21:00:00Z,-0.487,1
2015-05-26T22:00:00Z,-0.19,1
2015-05-26T23:00:00Z,0.147,1
2015-05-27T00:00:00Z,0.353,1
2015-05-27T01:00:00Z,0.499,1
2015-05-27T02:00:00Z,0.543,1
2015-05-27T03:00:00Z,0.421,1
2015-05-27T04:00:00Z,0.169,1
2015-05-27T05:00:00Z,-0.177,1
2015-05-27T06:00:00Z,-0.494,1
2015-05-27T07:00:00Z,-0.693,1
2015-05-27T08:00:00Z,-0.844,1
2015-05-27T09:00:00Z,-0.647,1
2015-05-27T10:00:00Z,-0.449,1
2015-05-27T11:00:00Z,-0.103,1
2015-06-06T18:00:00Z,0.207,1
2015-06-06T19:00:00Z,0.724,1
2015-06-06T20:00:00Z,1.147,1
2015-06-06T21:00:00Z,1.254,1
2015-06-06T22:00:00Z,1.018,1
2015-06-06T23:00:00Z,0.543,1
2015-06-07T00:00:00Z,-0.097,1
2015-06-07T01:00:00Z,-0.763,1
2015-06-07T02:00:00Z,-1.266,1
2015-06-07T03:00:00Z,-1.527,1
2015-06-07T04:00:00Z,-1.49,1
2015-06-07T05:00:00Z,-1.078,1
2015-06-07T06:00:00Z,-0.503,1
2015-06-07T07:00:00Z,0.112,1
2015-06-07T08:00:00Z,0.526,1
2015-06-07T09:00:00Z,0.791,1
2015-06-07T17:00:00Z,-1.183,1
2015-06-07T18:00:00Z,-0.583,1
2015-06-07T19:00:00Z,0.082,1
2015-06-07T20:00:00Z,0.592,1
2015-06-07T21:00:00Z,0.966,1
2015-06-07T22:00:00Z,1.099,1
2015-06-07T23:00:00Z,0.862,1
2015-06-08T00:00:00Z,0.42,1
2015-06-08T01:00:00Z,-0.149,1
2015-06-08T02:00:00Z,-0.772,1
2015-06-08T03:00:00Z,-1.282,1
2015-06-08T04:00:00Z,-1.519,1
2015-06-08T05:00:00Z,-1.45,1
2015-06-08T06:00:00Z,-1.093,1
2015-06-08T07:00:00Z,-0.547,1
2015-06-08T08:00:00Z,-0.007,1
2015-06-08T09:00:00Z,0.4,1
2015-06-08T10:00:00Z,0.553,1
2015-06-08T11:00:00Z,0.453,1
2015-06-08T12:00:00Z,0.172,1
2015-06-08T13:00:00Z,-0.305,1
2015-06-08T14:00:00Z,-0.823,1
2015-06-08T15:00:00Z,-1.266,1
2015-06-08T16:00:00Z,-1.483,1
2015-06-08T17:00:00Z,-1.426,1
2015-06-08T18:00:00Z,-1.173,1
2015-06-08T19:00:00Z,-0.658,1
2015-06-08T20:00:00Z,-0.081,1
2015-06-08T21:00:00Z,0.436,1
2015-06-08T22:00:00Z,0.773,1
2015-06-08T23:00:00Z,0.881,1
2015-06-09T00:00:00Z,0.705,1
2015-06-09T01:00:00Z,0.343,1
2015-06-09T02:00:00Z,-0.191,1
2015-06-09T03:00:00Z,-0.777,1
2015-06-09T04:00:00Z,-1.233,1
2015-06-09T05:00:00Z,-1.457,1
2015-06-09T06:00:00Z,-1.389,1
2015-06-09T07:00:00Z,-1.059,1
2015-06-09T08:00:00Z,-0.522,1
2015-06-09T09:00:00Z,-0.052,1
2015-06-09T10:00:00Z,0.285,1
2015-06-09T11:00:00Z,0.445,1
2015-06-09T12:00:00Z,0.437,1
2015-06-09T13:00:00Z,0.196,1
2015-06-09T14:00:00Z,-0.192,1
2015-06-09T15:00:00Z,-0.661,1
2015-06-09T16:00:00Z,-1.082,1
2015-06-09T17:00:00Z,-1.282,1
2015-06-09T18:00:00Z,-1.281,1
2015-06-09T19:00:00Z,-1.075,1
2015-06-09T20:00:00Z,-0.635,1
2015-06-09T21:00:00Z,-0.089,1
2015-06-09T22:00:00Z,0.389,1
2015-06-09T23:00:00Z,0.728,1
2015-06-10T00:00:00Z,0.872,1
2015-06-10T01:00:00Z,0.72,1
2015-06-10T02:00:00Z,0.397,1
2015-06-10T03:00:00Z,-0.135,1
2015-06-10T04:00:00Z,-0.686,1
2015-06-10T05:00:00Z,-1.112,1
2015-06-10T06:00:00Z,-1.342,1
2015-06-10T07:00:00Z,-1.309,1
2015-06-10T08:00:00Z,-1.062,1
2015-06-10T09:00:00Z,-0.627,1
2015-06-10T10:00:00Z,-0.198,1
2015-06-10T11:00:00Z,0.175,1
2015-06-10T12:00:00Z,0.378,1
2015-06-10T13:00:00Z,0.396,1
2015-06-10T14:00:00Z,0.245,1
2015-06-10T15:00:00Z,-0.12,1
2015-06-10T16:00:00Z,-0.532,1
2015-06-10T17:00:00Z,-0.891,1
2015-06-10T18:00:00Z,-1.184,1
2015-06-10T19:00:00Z,-1.227,1
2015-06-10T20:00:00Z,-1.093,1
2015-06-10T21:00:00Z,-0.688,1
2015-06-11T01:00:00Z,0.889,1
2015-06-11T02:00:00Z,0.768,1
2015-06-11T03:00:00Z,0.496,1
2015-06-11T04:00:00Z,0.02,1
2015-06-11T05:00:00Z,-0.524,1
2015-06-11T06:00:00Z,-0.962,1
2015-06-11T07:00:00Z,-1.21,1
2015-06-11T08:00:00Z,-1.211,1
2015-06-11T09:00:00Z,-1.002,1
2015-06-11T10:00:00Z,-0.618,1
2015-06-11T11:00:00Z,-0.153,1
2015-06-11T12:00:00Z,0.218,1
2015-06-11T13:00:00Z,0.481,1
2015-06-11T14:00:00Z,0.582,1
2015-06-11T15:00:00Z,0.466,1
2015-06-11T16:00:00Z,0.179,1
2015-06-11T17:00:00Z,-0.28,1
2015-06-11T18:00:00Z,-0.74,1
2015-06-11T19:00:00Z,-1.054,1
2015-06-11T20:00:00Z,-1.2,1
2015-06-13T07:00:00Z,-0.375,1
2015-06-13T08:00:00Z,-0.917,1
2015-06-13T09:00:00Z,-1.232,1
2015-06-13T10:00:00Z,-1.314,1
2015-06-13T11:00:00Z,-1.124,1
2015-06-13T12:00:00Z,-0.652,1
2015-06-13T13:00:00Z,-0.07,1
2015-06-13T14:00:00Z,0.457,1
2015-06-13T15:00:00Z,0.835,1
2015-06-13T16:00:00Z,0.957,1
2015-06-13T17:00:00Z,0.796,1
2015-06-13T18:00:00Z,0.392,1
2015-06-13T19:00:00Z,-0.171,1
2015-06-13T20:00:00Z,-0.793,1
2015-06-13T21:00:00Z,-1.231,1
2015-06-13T22:00:00Z,-1.405,1
2015-06-13T23:00:00Z,-1.266,1
2015-06-14T00:00:00Z,-0.804,1
2015-06-14T01:00:00Z,-0.175,1
2015-06-14T02:00:00Z,0.553,1
2015-06-14T03:00:00Z,0.972,1
2015-06-14T04:00:00Z,1.214,1
2015-06-14T05:00:00Z,1.077,1
2015-06-14T06:00:00Z,0.742,1
2015-06-14T07:00:00Z,0.094,1
2015-06-14T08:00:00Z,-0.615,1
2015-06-14T09:00:00Z,-1.097,1
2015-06-14T10:00:00Z,-1.431,1
2015-06-14T11:00:00Z,-1.474,1
2015-06-14T12:00:00Z,-1.19,1
2015-06-14T13:00:00Z,-0.615,1
2015-06-14T14:00:00Z,0.045,1
2015-06-14T15:00:00Z,0.612,1
2015-06-14T16:00:00Z,0.991,1
2015-06-14T17:00:00Z,1.097,1
2015-06-14T18:00:00Z,0.863,1
2015-06-14T19:00:00Z,0.374,1
2015-06-14T20:00:00Z,-0.308,1
2015-06-14T21:00:00Z,-0.954,1
2015-06-14T22:00:00Z,-1.371,1
2015-06-14T23:00:00Z,-1.549,1
2015-06-15T00:00:00Z,-1.347,1
2015-06-15T01:00:00Z,-0.871,1
2015-06-15T02:00:00Z,-0.124,1
2015-06-15T03:00:00Z,0.569,1
2015-06-15T04:00:00Z,1.03,1
2015-06-15T05:00:00Z,1.218,1
2015-06-15T06:00:00Z,1.08,1
2015-06-15T07:00:00Z,0.605,1
2015-06-15T08:00:00Z,-0.034,1
2015-06-15T09:00:00Z,-0.765,1
2015-06-15T10:00:00Z,-1.311,1
2015-06-15T11:00:00Z,-1.593,1
2015-06-15T12:00:00Z,-1.512,1
2015-06-15T13:00:00Z,-1.11,1
2015-06-15T14:00:00Z,-0.448,1
2015-06-15T15:00:00Z,0.321,1
2015-06-15T16:00:00Z,0.88,1
2015-06-15T17:00:00Z,1.189,1
2015-06-15T18:00:00Z,1.254,1
2015-06-15T19:00:00Z,0.912,1
2015-06-15T20:00:00Z,0.331,1
2015-06-15T21:00:00Z,-0.442,1
2015-06-15T22:00:00Z,-1.098,1
2015-06-15T23:00:00Z,-1.499,1
2015-06-16T00:00:00Z,-1.586,1
2015-06-16T01:00:00Z,-1.294,1
2015-06-16T02:00:00Z,-0.693,1
2015-06-16T03:00:00Z,0.112,1
2015-06-16T04:00:00Z,0.765,1
2015-06-16T05:00:00Z,1.144,1
2015-06-16T06:00:00Z,1.296,1
2015-06-16T07:00:00Z,1.01,1
2015-06-16T08:00:00Z,0.523,1
2015-06-16T09:00:00Z,-0.157,1
2015-06-16T10:00:00Z,-0.898,1
2015-06-16T11:00:00Z,-1.378,1
2015-06-16T12:00:00Z,-1.645,1
2015-06-16T13:00:00Z,-1.383,1
2015-06-16T14:00:00Z,-0.851,1
2015-06-16T15:00:00Z,-0.08,1
2015-06-16T16:00:00Z,0.657,1
2015-06-16T17:00:00Z,1.207,1
2015-06-16T18:00:00Z,1.447,1
2015-06-16T19:00:00Z,1.36,1
2015-06-16T20:00:00Z,0.841,1
2015-06-16T21:00:00Z,0.242,1
2015-06-16T22:00:00Z,-0.5,1
2015-06-16T23:00:00Z,-1.117,1
2015-06-17T00:00:00Z,-1.445,1
2015-06-17T01:00:00Z,-1.486,1
2015-06-17T02:00:00Z,-1.126,1
2015-06-17T03:00:00Z,-0.414,1
2015-06-17T04:00:00Z,0.355,1
2015-06-17T05:00:00Z,0.955,1
2015-06-17T06:00:00Z,1.263,1
2015-06-17T07:00:00Z,1.262,1
2015-06-17T08:00:00Z,0.972,1
2015-06-17T09:00:00Z,0.353,1
2015-06-17T10:00:00Z,-0.397,1
2015-06-17T11:00:00Z,-1.088,1
2015-06-17T12:00:00Z,-1.522,1
2015-06-17T13:00:00Z,-1.597,1
2015-06-17T14:00:00Z,-1.309,1
2015-06-17T15:00:00Z,-0.683,1
2015-06-17T16:00:00Z,0.142,1
2015-06-17T17:00:00Z,0.759,1
2015-06-17T18:00:00Z,1.199,1
2015-06-17T19:00:00Z,1.388,1
2015-06-17T20:00:00Z,1.111,1
2015-06-17T21:00:00Z,0.662,1
2015-06-17T22:00:00Z,-0.05,1
2015-06-17T23:00:00Z,-0.729,1
2015-06-18T00:00:00Z,-1.272,1
2015-06-18T01:00:00Z,-1.599,1
2015-06-18T02:00:00Z,-1.491,1
2015-06-18T03:00:00Z,-0.984,1
2015-06-18T04:00:00Z,-0.272,1
2015-06-18T05:00:00Z,0.454,1
2015-06-18T06:00:00Z,0.925,1
2015-06-18T07:00:00Z,1.234,1
2015-06-18T08:00:00Z,1.128,1
2015-06-18T09:00:00Z,0.716,1
2015-06-18T10:00:00Z,0.059,1
2015-06-18T11:00:00Z,-0.709,1
2015-06-18T12:00:00Z,-1.273,1
2015-06-18T13:00:00Z,-1.574,1
2015-06-18T14:00:00Z,-1.466,1
2015-06-18T15:00:00Z,-1.013,1
2015-06-18T16:00:00Z,-0.319,1
2015-06-18T17:00:00Z,0.422,1
2015-06-18T18:00:00Z,0.957,1
2015-06-18T19:00:00Z,1.307,1
2015-06-18T20:00:00Z,1.298,1
2015-06-18T21:00:00Z,0.964,1
2015-06-18T22:00:00Z,0.401,1
2015-06-18T23:00:00Z,-0.242,1
2015-06-19T00:00:00Z,-0.929,1
2015-06-19T01:00:00Z,-1.36,1
2015-06-19T02:00:00Z,-1.53,1
2015-06-19T03:00:00Z,-1.339,1
2015-06-19T04:00:00Z,-0.832,1
2015-06-19T05:00:00Z,-0.119,1
2015-06-19T06:00:00Z,0.502,1
2015-06-19T07:00:00Z,0.922,1
2015-06-19T08:00:00Z,1.093,1
2015-06-19T09:00:00Z,0.854,1
2015-06-19T10:00:00Z,0.416,1
2015-06-19T11:00:00Z,-0.255,1
2015-06-19T12:00:00Z,-0.919,1
2015-06-19T13:00:00Z,-1.434,1
2015-06-19T14:00:00Z,-1.58,1
2015-06-19T15:00:00Z,-1.33,1
2015-06-19T16:00:00Z,-0.797,1
2015-06-19T17:00:00Z,-0.045,1
2015-06-19T18:00:00Z,0.643,1
2015-06-19T19:00:00Z,1.103,1
2015-06-19T20:00:00Z,1.249,1
2015-06-19T21:00:00Z,1.154,1
2015-06-19T22:00:00Z,0.791,1
2015-06-19T23:00:00Z,0.288,1
2015-06-20T00:00:00Z,-0.311,1
2015-06-20T01:00:00Z,-0.857,1
2015-06-20T02:00:00Z,-1.252,1
2015-06-20T03:00:00Z,-1.294,1
2015-06-20T04:00:00Z,-1.063,1
2015-06-20T05:00:00Z,-0.524,1
2015-06-20T06:00:00Z,0.156,1
2015-06-20T07:00:00Z,0.712,1
2015-06-20T08:00:00Z,0.988,1
2015-06-20T09:00:00Z,1.026,1
2015-06-20T10:00:00Z,0.781,1
2015-06-20T11:00:00Z,0.237,1
2015-06-20T12:00:00Z,-0.387,1
2015-06-20T13:00:00Z,-0.986,1
2015-06-20T14:00:00Z,-1.315,1
2015-06-20T15:00:00Z,-1.321,1
2015-06-20T16:00:00Z,-0.986,1
2015-06-20T17:00:00Z,-0.427,1
2015-06-20T18:00:00Z,0.243,1
2015-06-20T19:00:00Z,0.809,1
2015-06-20T20:00:00Z,1.118,1
2015-06-20T21:00:00Z,1.208,1
2015-06-20T22:00:00Z,1.044,1
2015-06-20T23:00:00Z,0.67,1
2015-06-21T00:00:00Z,0.208,1
2015-06-21T01:00:00Z,-0.361,1
2015-06-21T02:00:00Z,-0.806,1
2015-06-21T03:00:00Z,-1.067,1
2015-06-21T04:00:00Z,-1.07,1
2015-06-21T05:00:00Z,-0.783,1
2015-06-21T06:00:00Z,-0.263,1
2015-06-21T07:00:00Z,0.338,1
2015-06-21T08:00:00Z,0.752,1
2015-06-21T09:00:00Z,0.883,1
2015-06-21T10:00:00Z,0.879,1
2015-06-21T11:00:00Z,0.536,1
2015-06-21T12:00:00Z,0.053,1
2015-06-21T13:00:00Z,-0.503,1
2015-06-21T14:00:00Z,-0.928,1
2015-06-21T15:00:00Z,-1.163,1
2015-06-21T16:00:00Z,-1.019,1
2015-06-25T14:00:00Z,0.447,1
2015-06-25T15:00:00Z,0.207,1
2015-06-25T16:00:00Z,-0.028,1
2015-06-25T17:00:00Z,-0.309,1
2015-06-25T18:00:00Z,-0.509,1
2015-06-25T19:00:00Z,-0.566,1
2015-06-25T20:00:00Z,-0.433,1
2015-06-25T21:00:00Z,-0.202,1
2015-06-25T22:00:00Z,0.092,1
2015-06-25T23:00:00Z,0.386,1
2015-06-26T00:00:00Z,0.639,1
2015-06-26T01:00:00Z,0.763,1
2015-06-26T02:00:00Z,0.785,1
2015-06-26T03:00:00Z,0.657,1
2015-06-26T04:00:00Z,0.364,1
2015-06-26T05:00:00Z,0.086,1
2015-06-26T06:00:00Z,-0.275,1
2015-06-26T07:00:00Z,-0.481,1
2015-06-26T08:00:00Z,-0.575,1
2015-06-26T09:00:00Z,-0.474,1
2015-06-26T10:00:00Z,-0.223,1
2015-06-26T11:00:00Z,0.074,1
2015-06-26T12:00:00Z,0.39,1
2015-06-26T13:00:00Z,0.609,1
2015-06-26T14:00:00Z,0.683,1
2015-06-26T15:00:00Z,0.617,1
2015-06-26T16:00:00Z,0.398,1
2015-06-26T17:00:00Z,0.09,1
2015-06-26T18:00:00Z,-0.232,1
2015-06-26T19:00:00Z,-0.457,1
2015-06-26T20:00:00Z,-0.527,1
2015-06-26T21:00:00Z,-0.485,1
2015-06-26T22:00:00Z,-0.278,1
2015-06-26T23:00:00Z,0.062,1
2015-06-27T00:00:00Z,0.357,1
2015-06-27T01:00:00Z,0.615,1
2015-06-27T02:00:00Z,0.765,1
2015-06-27T03:00:00Z,0.744,1
2015-06-27T04:00:00Z,0.566,1
2015-06-27T05:00:00Z,0.264,1
2015-06-27T06:00:00Z,-0.098,1
2015-06-27T07:00:00Z,-0.418,1
2015-06-27T08:00:00Z,-0.652,1
2015-06-27T09:00:00Z,-0.735,1
2015-06-27T10:00:00Z,-0.638,1
2015-06-27T11:00:00Z,-0.374,1
2015-06-27T12:00:00Z,-0.036,1
2015-06-27T13:00:00Z,0.333,1
2015-06-27T14:00:00Z,0.613,1
2015-06-27T15:00:00Z,0.728,1
2015-06-27T16:00:00Z,0.644,1
2015-06-27T17:00:00Z,0.401,1
2015-06-27T18:00:00Z,0.026,1
2015-06-27T19:00:00Z,-0.333,1
2015-06-27T20:00:00Z,-0.575,1
2015-06-27T21:00:00Z,-0.674,1
2015-06-27T22:00:00Z,-0.537,1
2015-06-27T23:00:00Z,-0.289,1
2015-06-28T00:00:00Z,0.153,1
2015-06-28T01:00:00Z,0.521,1
2015-06-28T02:00:00Z,0.804,1
2015-06-28T03:00:00Z,0.953,1
2015-06-28T04:00:00Z,0.937,1
2015-06-28T05:00:00Z,0.744,1
2015-06-28T06:00:00Z,0.412,1
2015-06-28T07:00:00Z,-0.021,1
2015-06-28T08:00:00Z,-0.415,1
2015-06-28T09:00:00Z,-0.685,1
2015-06-28T10:00:00Z,-0.766,1
2015-06-28T11:00:00Z,-0.604,1
2015-06-28T12:00:00Z,-0.259,1
2015-06-28T13:00:00Z,0.21,1
2015-06-28T14:00:00Z,0.611,1
2015-06-28T15:00:00Z,0.918,1
2015-06-28T16:00:00Z,0.992,1
2015-06-28T17:00:00Z,0.836,1
2015-06-28T18:00:00Z,0.486,1
2015-06-28T19:00:00Z,0.04,1
2015-06-28T20:00:00Z,-0.379,1
2015-06-28T21:00:00Z,-0.669,1
2015-06-28T22:00:00Z,-0.762,1
2015-06-28T23:00:00Z,-0.631,1
2015-06-29T00:00:00Z,-0.328,1
2015-06-29T01:00:00Z,0.115,1
2015-06-29T02:00:00Z,0.505,1
2015-06-29T03:00:00Z,0.814,1
2015-06-29T04:00:00Z,0.91,1
2015-06-29T05:00:00Z,0.828,1
2015-06-29T06:00:00Z,0.565,1
2015-06-29T07:00:00Z,0.092,1
2015-06-29T08:00:00Z,-0.385,1
2015-06-29T09:00:00Z,-0.813,1
2015-06-29T10:00:00Z,-1.051,1
2015-06-29T11:00:00Z,-1.054,1
2015-06-29T12:00:00Z,-0.779,1
2015-06-29T13:00:00Z,-0.275,1
2015-06-29T14:00:00Z,0.28,1
2015-06-29T15:00:00Z,0.765,1
2015-06-29T16:00:00Z,1.006,1
2015-06-29T17:00:00Z,1.054,1
2015-06-29T18:00:00Z,0.828,1
2015-06-29T19:00:00Z,0.404,1
2015-06-29T20:00:00Z,-0.165,1
2015-06-29T21:00:00Z,-0.648,1
2015-06-29T22:00:00Z,-0.901,1
2015-06-29T23:00:00Z,-0.927,1
2015-06-30T00:00:00Z,-0.718,1
2015-06-30T01:00:00Z,-0.298,1
2015-06-30T02:00:00Z,0.293,1
2015-06-30T03:00:00Z,0.773,1
2015-06-30T04:00:00Z,1.105,1
2015-06-30T05:00:00Z,1.151,1
