"year","month","monthly_avg","is_outlier"
2007,1,-0.0225202127176053,FALSE
2007,2,-0.00190759529095085,FALSE
2007,3,-0.154336260973827,FALSE
2007,4,-0.231567259245444,FALSE
2007,5,-0.108520449041552,FALSE
2007,6,-0.059237390879436,FALSE
2007,7,-0.0567933747652285,FALSE
2007,8,-0.122082090841221,FALSE
2007,9,-0.129769397080042,FALSE
2007,10,-0.0566509979792755,FALSE
2007,11,-0.106451352092795,FALSE
2007,12,-0.0351062260321169,FALSE
2008,1,0.0592817399682087,FALSE
2008,2,-0.0557232085884302,FALSE
2008,3,-0.0941136296595479,FALSE
2008,4,-0.0719667534239774,FALSE
2008,5,-0.100238203893741,FALSE
2008,6,-0.0942990873125439,FALSE
2008,7,-0.0461870721694729,FALSE
2008,8,-0.0147018644661521,FALSE
2008,9,-0.0573575811532398,FALSE
2008,10,0.0131150549368814,FALSE
2008,11,-0.0520895833022206,FALSE
2008,12,-0.0876252952449105,FALSE
2009,1,0.0522400246549765,FALSE
2009,3,-0.124390062627287,FALSE
2009,4,-0.0950284436088427,FALSE
2009,5,-0.108260971644126,FALSE
2009,6,-0.0887905960624277,FALSE
2009,7,-0.0207684690440042,FALSE
2009,8,-0.0225354450862646,FALSE
2009,9,-0.100108630568218,FALSE
2009,10,0.0241543905513774,FALSE
2009,11,0.156994617611155,FALSE
2009,12,0.0895381893002804,FALSE
2010,1,-0.0730018359447435,FALSE
2010,2,0.00148526996023721,FALSE
2010,3,-0.0753470886789023,FALSE
2010,4,-0.141675497986211,FALSE
2010,5,-0.166776151498226,FALSE
2010,6,-0.12584775131145,FALSE
2010,7,-0.0684903257606524,FALSE
2010,8,-0.0722909164497181,FALSE
2010,9,-0.0128139679332416,FALSE
2010,10,0.0637591588172777,FALSE
2010,11,0.0610589327405132,FALSE
2010,12,-0.0350955295010291,FALSE
2011,1,-0.0685169219512984,FALSE
2011,2,0.00870199809814733,FALSE
2011,3,-0.17275579319357,FALSE
2011,4,-0.121394011771604,FALSE
2011,5,-0.06290756339321,FALSE
2011,6,-0.0772432966508393,FALSE
2011,7,-0.0910348649033546,FALSE
2011,8,-0.042523261188637,FALSE
2011,9,0.0312654816155636,FALSE
2011,10,0.0307925775358542,FALSE
2011,11,0.0838684942945509,FALSE
2011,12,0.025956126095196,FALSE
2012,1,-0.0828444832394026,FALSE
2012,2,-0.245229761022103,FALSE
2012,3,-0.213930085428086,FALSE
2012,4,-0.07200993068504,FALSE
2012,5,-0.101551298929605,FALSE
2012,6,-0.0304121328789989,FALSE
2012,7,-0.0712995899330914,FALSE
2012,8,0.00856350304205804,FALSE
2012,9,-0.0187056233072133,FALSE
2012,10,0.0614713510540388,FALSE
2012,11,0.103108185953131,FALSE
2012,12,0.0850489476982113,FALSE
2013,1,0.0292176872379121,FALSE
2013,2,-0.0984857405410893,FALSE
2013,3,0.0209562748549468,FALSE
2013,4,-0.0406611856900629,FALSE
2013,5,-0.123547157945449,FALSE
2013,6,-0.143697195723548,FALSE
2013,7,-0.107005578634854,FALSE
2013,8,-0.0636584032005482,FALSE
2013,9,-0.0653825550974361,FALSE
2013,10,0.0951473212962037,FALSE
2013,11,-0.0682743451001192,FALSE
2013,12,0.130759076704164,FALSE
2014,1,0.128586395445766,FALSE
2014,2,0.124981689002618,FALSE
2014,3,-0.126252599687231,FALSE
2014,4,-0.0811836581877926,FALSE
2014,5,-0.121567715156906,FALSE
2014,6,-0.13713843774478,FALSE
2014,7,-0.0962402381934394,FALSE
2014,8,-0.0521769953492853,FALSE
2014,9,-0.069816485152449,FALSE
2014,10,0.104185976821266,FALSE
2014,11,0.128089046030098,FALSE
2014,12,-0.0635980918537018,FALSE
2015,1,-0.0372885992148874,FALSE
2015,2,-0.174054179260768,FALSE
2015,3,-0.175859755901565,FALSE
2015,4,-0.176127519566372,FALSE
2015,5,-0.0890932922390327,FALSE
2015,6,-0.142053298972375,FALSE
2015,7,-0.0573936132959421,FALSE
2015,8,-0.0184189987984938,FALSE
2015,9,-0.0704922470591634,FALSE
2015,10,0.01340435228458,FALSE
2015,11,0.0702181049899765,FALSE
2015,12,0.182354905518001,FALSE
2016,1,0.102737721836515,FALSE
2016,2,-0.0131186920791695,FALSE
2016,3,-0.162481438309189,FALSE
2016,4,-0.0809470119042713,FALSE
2016,5,-0.079509688707761,FALSE
2016,6,-0.0956176472792975,FALSE
2016,7,-0.0781888469979679,FALSE
2016,8,-0.0669847662054451,FALSE
2016,9,0.000575697799843179,FALSE
2016,10,-0.0555200574671323,FALSE
2016,11,-0.0520047264646085,FALSE
2016,12,-0.00976793373203916,FALSE
2017,1,-0.102545291634198,FALSE
2017,2,-0.0109978909594418,FALSE
2017,3,-0.0883349289134862,FALSE
2017,4,-0.185141061000928,FALSE
2017,5,-0.0528284486989733,FALSE
2017,6,-0.0315002884171281,FALSE
2017,7,-0.0492539223102407,FALSE
2017,8,-0.0426029381397348,FALSE
2017,9,-0.00211239452708055,FALSE
2017,10,0.0303694756390276,FALSE
2017,11,-0.0371685508180975,FALSE
2017,12,-0.0506903376700207,FALSE
2018,2,-0.0767913407190918,FALSE
2018,3,0.122342633571557,FALSE
2018,4,0.0478516515969071,FALSE
2018,5,-0.0449202247886408,FALSE
2018,6,-0.0350182813392282,FALSE
2018,7,-1.92171964050817e-05,FALSE
2018,8,0.0391104338883738,FALSE
2018,9,0.0515358844868745,FALSE
2018,10,0.0716329811031559,FALSE
2018,11,0.227102794036392,FALSE
2018,12,0.136677677715465,FALSE
2019,1,-0.054970294349393,FALSE
2019,2,0.0532333793851414,FALSE
2019,3,0.01399770987368,FALSE
2019,4,0.0312205249410488,FALSE
2019,5,-0.19034923257705,FALSE
2019,6,-0.215722899700573,FALSE
2019,7,-0.201754390010089,FALSE
2019,8,-0.119165129469458,FALSE
2019,9,-0.121395020054179,FALSE
2019,10,-0.0050328212966714,FALSE
2019,11,-0.0308227786250639,FALSE
2019,12,0.0149854249601669,FALSE
2020,1,-0.041826656001342,FALSE
2020,2,-0.0101512041033126,FALSE
2020,3,-0.17420215022069,FALSE
2020,4,-0.176548913626376,FALSE
2020,5,-0.203058966819225,FALSE
2020,6,-0.11814068912392,FALSE
2020,7,-0.147034507288627,FALSE
2020,8,-0.0831225063244526,FALSE
2020,9,-0.112833541896566,FALSE
2020,10,-0.0338898774935958,FALSE
2020,11,-0.00393800370567923,FALSE
2020,12,0.0301073592223682,FALSE
2021,1,-0.0724788580238447,FALSE
2021,2,0.0210731225894762,FALSE
2021,3,-0.169700619430048,FALSE
2021,4,-0.190596978453437,FALSE
2021,5,-0.0847390947391491,FALSE
2021,6,-0.151026826449626,FALSE
2021,7,-0.118961392396445,FALSE
2021,8,-0.113036894407892,FALSE
2021,9,-0.0574254372335342,FALSE
2021,10,0.0315700149708183,FALSE
2021,11,-0.0986006520297479,FALSE
2021,12,-0.00891067201757257,FALSE
2022,1,-0.120737778738421,FALSE
2022,2,-0.0303762095503515,FALSE
2022,3,-0.177641334233881,FALSE
2022,4,-0.133099656380548,FALSE
2022,5,-0.107460685001486,FALSE
2022,6,-0.0785176440787865,FALSE
2022,7,-0.15110733405265,FALSE
2022,8,-0.124363925737093,FALSE
2022,9,-0.0417103615814941,FALSE
2022,10,0.0866537047736462,FALSE
2022,11,0.183290256061373,FALSE
2022,12,0.0841799182137442,FALSE
2023,1,-0.00193311049526246,FALSE
2023,2,-0.18383270164191,FALSE
2023,3,0.0188198753989774,FALSE
2023,4,-0.102345720244505,FALSE
2023,5,-0.187561086555081,FALSE
2023,6,-0.0727729484660185,FALSE
2023,8,-0.0388493925690049,FALSE
2023,9,0.0405817391991615,FALSE
2023,10,0.132139287907691,FALSE
2023,11,0.0970405132423503,FALSE
2023,12,0.0718926737674513,FALSE
2024,1,0.0168763075570241,FALSE
2024,2,0.0413971312758228,FALSE
2024,3,0.00877754046563363,FALSE
2024,4,0.125639903281094,FALSE
2024,5,-0.203959193874402,FALSE
2024,6,-0.131633902518409,FALSE
2024,8,0.0103890323212637,FALSE
2024,9,-0.109349674710481,FALSE
2024,10,0.0643593543071014,FALSE
2024,11,-0.0680732974501611,FALSE
2024,12,-0.0991521533764433,FALSE
